id,alias,draw_id,match_number,round,session_id,entrant1_id,entrant2_id,winner_id,umpire_id,court_id,not_before_dtg,sequence,status,score,comments
1,WQ101,WQ,1,1,1,1,2,2,1859,15,8/21/2018 11:00,1,C,"6-7(1),6-3,0-6",
2,WQ102,WQ,2,1,1,3,4,4,1971,17,8/21/2018 11:00,1,C,"1-6,2-6",
3,WQ103,WQ,3,1,1,5,6,5,1858,5,8/21/2018 11:00,1,C,"6-0,7-5",
4,WQ104,WQ,4,1,1,7,8,8,2182,9,8/21/2018 11:00,1,C,"3-6,3-6",
5,WQ105,WQ,5,1,1,9,10,10,1881,11,8/21/2018 11:00,1,C,"4-6,6-4,1-6",
6,WQ106,WQ,6,1,1,11,12,11,1978,7,8/21/2018 11:00,1,C,"6-3,6-3",
7,WQ107,WQ,7,1,1,13,14,14,1880,4,8/21/2018 11:00,1,C,"4-6,4-6",
8,WQ108,WQ,8,1,1,15,16,16,1860,12,8/21/2018 11:00,1,C,"6-4,6-7(6),6-7(4)",
9,WQ109,WQ,9,1,2,17,18,17,1876,15,,5,C,"6-1,6-1",
10,WQ110,WQ,10,1,2,19,20,20,1916,14,8/22/2018 19:00,5,C,"5-7,6-4,1-6",
11,WQ111,WQ,11,1,2,21,22,21,2162,12,,5,C,"6-1,6-3",
12,WQ112,WQ,12,1,2,23,24,24,1867,9,,5,C,"2-6,2-6",
13,WQ113,WQ,13,1,2,25,26,25,1884,10,,3,C,"6-4,7-5",
14,WQ114,WQ,14,1,2,27,28,28,2073,12,,3,C,"6-4,1-6,4-6",
15,WQ115,WQ,15,1,2,29,30,29,2137,5,,3,C,"6-4,6-4",
16,WQ116,WQ,16,1,2,31,32,32,2067,18,,3,C,"3-6,5-7",
17,WQ117,WQ,17,1,2,33,34,34,1869,11,,3,C,"1-6,7-6(2),1-6",
18,WQ118,WQ,18,1,2,35,36,36,2116,17,,2,C,"3-6,2-6",
19,WQ119,WQ,19,1,2,37,38,37,1857,8,,2,C,"1-6,6-2,6-3",
20,WQ120,WQ,20,1,2,39,40,40,2086,5,,2,C,"6-7(3),1-6",
21,WQ121,WQ,21,1,2,41,42,41,2073,8,8/22/2018 18:15,5,C,"6-3,7-5",
22,WQ122,WQ,22,1,2,43,44,44,2002,4,,5,C,"2-6,5-7",
23,WQ123,WQ,23,1,2,45,46,46,2067,18,,5,C,"4-6,2-6",
24,WQ124,WQ,24,1,2,47,48,48,1907,13,,5,C,"1-6,6-7(2)",
25,WQ125,WQ,25,1,2,49,50,49,1883,7,,4,C,"7-6(3),6-3",
26,WQ126,WQ,26,1,2,51,52,52,2143,9,,4,C,"5-7,3-6",
27,WQ127,WQ,27,1,2,53,54,54,1875,18,,4,C,"3-6,3-6",
28,WQ128,WQ,28,1,2,55,56,56,1855,13,,4,C,"3-6,6-2,4-6",
29,WQ129,WQ,29,1,1,57,58,57,2110,13,8/21/2018 11:00,1,C,"7-5,2-6,6-1",
30,WQ130,WQ,30,1,1,59,60,60,2103,18,8/21/2018 11:00,1,C,"4-6,6-7(5)",
31,WQ131,WQ,31,1,1,61,62,62,2129,4,,2,C,"4-6,6-7(6)",
32,WQ132,WQ,32,1,1,63,64,63,1876,12,,2,C,"6-1,6-1",
33,WQ133,WQ,33,1,1,65,66,65,1962,5,,5,C,"6-2,6-1",
34,WQ134,WQ,34,1,1,67,68,67,1857,8,,4,C,"6-4,6-3",
35,WQ135,WQ,35,1,1,69,70,69,1870,10,,4,C,"7-6(0),6-3",
36,WQ136,WQ,36,1,1,71,72,72,1850,14,,4,C,"2-6,6-3,2-6",
37,WQ137,WQ,37,1,1,73,74,73,1850,14,,2,C,"6-1,6-1",
38,WQ138,WQ,38,1,1,75,76,76,2188,18,,2,C,"6-4,4-6,3-6",
39,WQ139,WQ,39,1,1,77,78,77,1907,10,,2,C,"6-4,7-5",
40,WQ140,WQ,40,1,1,79,80,80,1867,8,,2,C,"1-6,7-5,4-6",
41,WQ141,WQ,41,1,2,81,82,81,1916,14,,2,C,"6-4,6-1",
42,WQ142,WQ,42,1,2,83,84,83,2007,15,,2,C,"4-6,6-3,6-4",
43,WQ143,WQ,43,1,2,85,86,85,1919,17,,3,C,"3-6,6-4,6-4",
44,WQ144,WQ,44,1,2,87,88,88,1962,15,,3,C,"4-6,3-6",
45,WQ145,WQ,45,1,2,89,90,89,1883,7,,2,C,"6-4,7-5",
46,WQ146,WQ,46,1,2,91,92,92,1919,17,8/22/2018 11:00,1,C,"2-6,4-6",
47,WQ147,WQ,47,1,2,93,94,93,1863,12,,2,C,"3-6,7-6(3),6-3",
48,WQ148,WQ,48,1,2,95,96,96,1995,10,,2,C,"3-6,1-6",
49,WQ149,WQ,49,1,1,97,98,97,1871,9,,5,C,"6-2,6-1",
50,WQ150,WQ,50,1,1,99,100,99,2011,11,,4,C,"6-3,2-6,6-4",
51,WQ151,WQ,51,1,1,101,102,101,2007,5,8/21/2018 18:30,6,C,"6-0,6-3",
52,WQ152,WQ,52,1,1,103,104,103,2129,4,,5,C,"7-5,6-4",
53,WQ153,WQ,53,1,2,105,106,106,1854,4,8/22/2018 11:00,1,C,"3-6,3-6",
54,WQ154,WQ,54,1,2,107,108,108,1871,8,8/22/2018 11:00,1,C,"3-6,3-6",
55,WQ155,WQ,55,1,2,109,110,110,2107,9,8/22/2018 11:00,1,C,"7-6(2),5-7,3-6",
56,WQ156,WQ,56,1,2,111,112,112,1869,11,8/22/2018 11:00,1,C,"4-6,6-2,3-6",
57,WQ157,WQ,57,1,1,113,114,114,1884,18,,3,C,"5-7,5-7",
58,WQ158,WQ,58,1,1,115,116,115,2182,9,,3,C,"6-3,6-1",
59,WQ159,WQ,59,1,1,117,118,117,1978,7,,3,C,"5-7,6-2,6-4",
60,WQ160,WQ,60,1,1,119,120,120,1858,5,,3,C,"5-7,3-6",
61,WQ161,WQ,61,1,1,121,122,121,1854,14,8/21/2018 19:00,5,C,"6-0,6-1",
62,WQ162,WQ,62,1,1,123,124,124,1873,13,,5,C,"6-0,5-7,2-6",
63,WQ163,WQ,63,1,1,125,126,126,2019,15,,3,C,"3-6,0-6",
64,WQ164,WQ,64,1,1,127,128,128,1875,13,,3,C,"3-6,2-6",
65,WQ201,WQ,1,2,3,2,4,2,2011,7,,2,C,"6-4,6-4",
66,WQ202,WQ,2,2,3,5,8,8,2129,17,,2,C,"5-7,6-3,2-6",
67,WQ203,WQ,3,2,3,10,11,11,2152,13,,2,C,"4-6,6-7(3)",
68,WQ204,WQ,4,2,3,14,16,14,1971,12,,2,C,"6-1,7-5",
69,WQ205,WQ,5,2,3,17,20,17,1854,15,8/23/2018 17:00,4,C,"6-3,6-7(5),6-2",
70,WQ206,WQ,6,2,3,21,24,24,1875,2,,4,C,"1-6,3-6",
71,WQ207,WQ,7,2,3,25,28,28,1870,18,8/23/2018 14:00,3,C,"2-6,5-7",
72,WQ208,WQ,8,2,3,29,32,32,1880,17,8/23/2018 14:00,3,C,"6-7(5),3-6",
73,WQ209,WQ,9,2,3,34,36,34,1857,11,,4,C,"7-5,6-2",
74,WQ210,WQ,10,2,3,37,40,37,2007,10,,4,C,"7-6(3),6-3",
75,WQ211,WQ,11,2,3,41,44,44,1962,14,,4,C,"6-4,6-7(6),2-6",
76,WQ212,WQ,12,2,3,46,48,48,1995,12,,4,C,"3-6,1-6",
77,WQ213,WQ,13,2,3,49,52,49,1860,8,,4,C,"6-2,6-2",
78,WQ214,WQ,14,2,3,54,56,54,1861,18,,4,C,"6-4,6-1",
79,WQ215,WQ,15,2,3,57,60,57,2137,17,8/23/2018 11:00,1,C,"4-6,7-6(6),6-0",
80,WQ216,WQ,16,2,3,62,63,62,1881,9,8/23/2018 11:00,1,C,"6-4,7-5",
81,WQ217,WQ,17,2,3,65,67,65,2086,2,,2,C,"6-1,6-2",
82,WQ218,WQ,18,2,3,69,72,72,2143,18,,2,C,"2-6,3-6",
83,WQ219,WQ,19,2,3,73,76,73,2019,15,,2,C,"6-4,7-6(6)",
84,WQ220,WQ,20,2,3,77,80,77,2182,5,,2,C,"4-6,6-4,6-4",
85,WQ221,WQ,21,2,3,81,83,81,2152,13,,5,C,"6-1,6-2",
86,WQ222,WQ,22,2,3,85,88,85,1850,12,8/23/2018 17:00,5,C,"6-1,6-4",
87,WQ223,WQ,23,2,3,89,92,89,2077,11,,3,C,"2-6,6-2,6-1",
88,WQ224,WQ,24,2,3,93,96,96,1881,9,,3,C,"5-7,2-6",
89,WQ225,WQ,25,2,3,97,99,99,1885,11,,2,C,"2-6,6-1,5-7",
90,WQ226,WQ,26,2,3,101,103,101,1916,8,,2,C,"6-2,6-4",
91,WQ227,WQ,27,2,3,106,108,106,1850,15,,3,C,"6-4,7-5",
92,WQ228,WQ,28,2,3,110,112,112,2110,5,,3,C,"3-6,6-2,3-6",
93,WQ229,WQ,29,2,3,114,115,115,1918,4,8/23/2018 11:00,1,C,"3-6,1-6",
94,WQ230,WQ,30,2,3,117,120,117,1867,7,8/23/2018 11:00,1,C,"6-7(4),6-1,6-4",
95,WQ231,WQ,31,2,3,121,124,121,1858,14,,3,C,"6-1,6-2",
96,WQ232,WQ,32,2,3,126,128,126,1859,4,,3,C,"6-4,6-4",
97,WQ301,WQ,1,3,4,2,8,2,2162,18,8/24/2018 11:00,1,C,"6-1,7-5",
98,WQ302,WQ,2,3,4,11,14,14,2137,13,8/24/2018 11:00,1,C,"2-6,7-6(4),2-6",
99,WQ303,WQ,3,3,4,17,24,24,1863,8,,3,C,"3-6,5-7",
100,WQ304,WQ,4,3,4,28,32,28,1860,11,,2,C,"7-6(5),6-2",
101,WQ305,WQ,5,3,4,34,37,34,1871,5,8/24/2018 14:00,3,C,"6-4,6-2",
102,WQ306,WQ,6,3,4,44,48,48,1876,17,8/24/2018 13:00,2,C,"6-3,2-6,1-6",
103,WQ307,WQ,7,3,4,49,54,49,2188,12,8/24/2018 14:00,2,C,"5-7,6-0,6-2",
104,WQ308,WQ,8,3,4,57,62,62,1859,8,8/24/2018 11:00,1,C,"4-6,2-6",
105,WQ309,WQ,9,3,4,65,72,65,2116,11,8/24/2018 11:00,1,C,"6-3,7-6(4)",
106,WQ310,WQ,10,3,4,73,77,73,1867,15,8/24/2018 11:00,1,C,"6-4,6-1",
107,WQ311,WQ,11,3,4,81,85,81,1962,9,,3,C,"6-2,6-4",
108,WQ312,WQ,12,3,4,89,96,96,1885,8,8/24/2018 13:00,2,C,"2-6,6-4,5-7",
109,WQ313,WQ,13,3,4,99,101,101,1852,5,8/24/2018 11:00,1,C,"4-6,3-6",
110,WQ314,WQ,14,3,4,106,112,106,1855,9,8/24/2018 13:00,2,C,"6-4,6-4",
111,WQ315,WQ,15,3,4,115,117,117,1861,10,8/24/2018 11:00,1,C,"3-6,2-6",
112,WQ316,WQ,16,3,4,121,126,121,1873,14,,2,C,"6-0,6-3",
113,MQ101,MQ,1,1,2,129,130,130,1880,14,,3,C,"2-6,6-3,6-7(4)",
114,MQ102,MQ,2,1,2,131,132,131,1971,7,,3,C,"3-6,6-4,6-1",
115,MQ103,MQ,3,1,2,133,134,134,1870,5,,4,C,"6-3,4-6,6-7(5)",
116,MQ104,MQ,4,1,2,135,136,136,1852,8,,4,C,"6-7(5),6-4,6-7(3)",
117,MQ105,MQ,5,1,1,137,138,138,1855,5,,4,C,"3-6,1-6",
118,MQ106,MQ,6,1,1,139,140,140,1880,4,,4,C,"3-6,6-7(4)",
119,MQ107,MQ,7,1,1,141,142,141,1863,7,,5,C,"6-3,3-6,6-2",
120,MQ108,MQ,8,1,1,143,144,144,2077,12,,5,C,"3-6,2-6",
121,MQ109,MQ,9,1,2,145,146,146,1873,18,,2,C,"7-5,4-6,1-6",
122,MQ110,MQ,10,1,2,147,148,147,1907,13,,3,C,"7-6(5),6-4",
123,MQ111,MQ,11,1,2,149,150,149,1858,13,8/22/2018 11:00,1,C,"6-2,6-4",
124,MQ112,MQ,12,1,2,151,152,152,2162,11,,2,C,"6-4,6-7(2),1-6",
125,MQ113,MQ,13,1,2,153,154,154,1885,12,8/22/2018 11:00,1,C,"1-6,6-7(6)",
126,MQ114,MQ,14,1,2,155,156,155,1875,18,8/22/2018 11:00,1,C,"6-4,7-6(3)",
127,MQ115,MQ,15,1,2,157,158,158,1942,7,8/22/2018 11:00,1,C,"3-6,4-6",
128,MQ116,MQ,16,1,2,159,160,160,2188,10,8/22/2018 11:00,1,C,"2-6,2-6",
129,MQ117,MQ,17,1,2,161,162,161,1850,4,,4,C,"7-6(4),6-2",
130,MQ118,MQ,18,1,2,163,164,163,1860,17,,4,C,"2-6,6-1,6-3",
131,MQ119,MQ,19,1,2,165,166,165,1881,14,,4,C,"6-7(3),6-4,6-4",
132,MQ120,MQ,20,1,2,167,168,167,1885,12,,4,C,"6-4,6-0",
133,MQ121,MQ,21,1,1,169,170,169,1869,4,,3,C,"6-3,6-2",
134,MQ122,MQ,22,1,1,171,172,172,2077,12,,3,C,"4-6,4-6",
135,MQ123,MQ,23,1,1,173,174,174,1897,11,,3,C,"3-6,4-6",
136,MQ124,MQ,24,1,1,175,176,175,1854,14,,3,C,"3-6,6-2,6-4",
137,MQ125,MQ,25,1,1,177,178,177,2011,11,,2,C,"6-2,7-5",
138,MQ126,MQ,26,1,1,179,180,180,1883,17,,3,C,"4-6,7-6(3),6-7(5)",
139,MQ127,MQ,27,1,1,181,182,182,1971,17,,4,C,"6-3,6-7(5),2-6",
140,MQ128,MQ,28,1,1,183,184,184,2103,18,,4,C,"6-7(5),3-6",
141,MQ129,MQ,29,1,1,185,186,186,1962,5,,2,C,"3-6,3-6",
142,MQ130,MQ,30,1,1,187,188,188,1873,13,,2,C,"3-6,5-7",
143,MQ131,MQ,31,1,1,189,190,189,1871,9,,2,C,"6-4,3-6,6-1",
144,MQ132,MQ,32,1,1,191,192,192,1857,8,8/21/2018 11:00,1,C,"1-6,3-6",
145,MQ133,MQ,33,1,2,193,194,193,2007,15,8/22/2018 17:00,4,C,"7-5,6-3",
146,MQ134,MQ,34,1,2,195,196,196,1995,10,,4,C,"4-6,6-4,5-7",
147,MQ135,MQ,35,1,2,197,198,198,1871,8,,3,C,"6-7(7),2-6",
148,MQ136,MQ,36,1,2,199,200,200,2152,11,,4,C,"5-7,6-4,3-6",
149,MQ137,MQ,37,1,2,201,202,201,1971,7,,5,C,"4-6,6-2,7-6(6)",
150,MQ138,MQ,38,1,2,203,204,204,2116,17,,5,C,"4-6,3-6",
151,MQ139,MQ,39,1,2,205,206,206,1861,5,,5,C,"2-6,0-6",
152,MQ140,MQ,40,1,2,207,208,208,1884,10,,5,C,"3-6,6-7(7)",
153,MQ141,MQ,41,1,2,209,210,209,2107,9,,3,C,"7-5,6-7(5),6-2",
154,MQ142,MQ,42,1,2,211,212,211,2002,4,,3,C,"7-6(3),6-3",
155,MQ143,MQ,43,1,2,213,214,213,1867,9,,2,C,"6-3,6-3",
156,MQ144,MQ,44,1,2,215,216,215,1855,13,,2,C,"6-4,3-6,6-1",
157,MQ145,MQ,45,1,1,217,218,217,1907,10,,5,C,"6-4,6-4",
158,MQ146,MQ,46,1,1,219,220,219,2188,8,,5,C,"6-4,6-4",
159,MQ147,MQ,47,1,1,221,222,222,2019,15,,5,C,"2-6,6-7(2)",
160,MQ148,MQ,48,1,1,223,224,224,1897,11,,5,C,"5-7,7-5,5-7",
161,MQ149,MQ,49,1,1,225,226,226,2002,14,8/21/2018 11:00,1,C,"5-7,4-6",
162,MQ150,MQ,50,1,1,227,228,228,1861,10,8/21/2018 11:00,1,C,"6-4,5-7,3-6",
163,MQ151,MQ,51,1,1,229,230,229,2007,17,,2,C,"6-4,4-6,6-3",
164,MQ152,MQ,52,1,1,231,232,232,1918,15,,2,C,"1-6,3-6",
165,MQ153,MQ,53,1,1,233,234,234,1885,7,,4,C,"5-7,6-7(7)",
166,MQ154,MQ,54,1,1,235,236,236,1852,9,,4,C,"6-4,5-7,2-6",
167,MQ155,MQ,55,1,1,237,238,238,1861,10,,3,C,"3-6,2-6",
168,MQ156,MQ,56,1,1,239,240,240,1863,7,,2,C,"4-6,3-6",
169,MQ157,MQ,57,1,1,241,242,241,2107,8,,3,C,"6-1,6-3",
170,MQ158,MQ,58,1,1,243,244,244,1918,15,8/21/2018 17:00,4,C,"6-3,0-6,3-6",
171,MQ159,MQ,59,1,1,245,246,245,2116,12,,4,C,"6-3,7-5",
172,MQ160,MQ,60,1,1,247,248,248,2110,13,,4,C,"3-6,6-2,5-7",
173,MQ161,MQ,61,1,2,249,250,250,1859,4,,2,C,"6-7(2),6-3,3-6",
174,MQ162,MQ,62,1,2,251,252,251,1876,15,8/22/2018 11:00,1,C,"6-3,6-2",
175,MQ163,MQ,63,1,2,253,254,253,2137,5,8/22/2018 11:00,1,C,"6-3,6-1",
176,MQ164,MQ,64,1,2,255,256,255,1881,14,8/22/2018 11:00,1,C,"7-5,6-1",
177,MQ201,MQ,1,2,3,130,131,131,2086,2,,5,C,"4-6,6-3,0-6",
178,MQ202,MQ,2,2,3,134,136,136,2107,18,,5,C,"6-7(4),3-6",
179,MQ203,MQ,3,2,3,138,140,138,2116,8,,3,C,"7-6(3),6-3",
180,MQ204,MQ,4,2,3,141,144,144,1873,2,,3,C,"6-4,3-6,4-6",
181,MQ205,MQ,5,2,3,146,147,147,1869,13,,4,C,"4-6,3-6",
182,MQ206,MQ,6,2,3,149,152,152,2129,17,,4,C,"4-6,6-7(2)",
183,MQ207,MQ,7,2,3,154,155,154,1883,12,,3,C,"7-5,6-2",
184,MQ208,MQ,8,2,3,158,160,160,1884,10,,3,C,"6-7(5),5-7",
185,MQ209,MQ,9,2,3,161,163,161,1871,5,,4,C,"6-3,6-3",
186,MQ210,MQ,10,2,3,165,167,167,1942,4,,4,C,"2-6,6-1,4-6",
187,MQ211,MQ,11,2,3,169,172,169,1863,11,8/23/2018 11:00,1,C,"7-6(5),6-3",
188,MQ212,MQ,12,2,3,174,175,174,1860,8,8/23/2018 11:00,1,C,"1-6,7-6(5),6-3",
189,MQ213,MQ,13,2,3,177,180,180,1854,15,8/23/2018 11:00,1,C,"5-7,1-6",
190,MQ214,MQ,14,2,3,182,184,184,1995,12,8/23/2018 11:00,1,C,"2-6,1-6",
191,MQ215,MQ,15,2,3,186,188,188,1852,5,8/23/2018 11:00,1,C,"2-6,6-4,3-6",
192,MQ216,MQ,16,2,3,189,192,192,2162,13,8/23/2018 11:00,1,C,"0-6,4-6",
193,MQ217,MQ,17,2,3,193,196,193,1858,14,8/23/2018 19:00,5,C,"7-6(5),6-2",
194,MQ218,MQ,18,2,3,198,200,200,1859,4,,5,C,"4-6,6-4,4-6",
195,MQ219,MQ,19,2,3,201,204,201,1897,9,,4,C,"7-5,5-7,6-3",
196,MQ220,MQ,20,2,3,206,208,206,1867,7,,4,C,"7-5,6-4",
197,MQ221,MQ,21,2,3,209,211,211,2182,9,8/23/2018 17:30,5,C,"6-7(5),3-6",
198,MQ222,MQ,22,2,3,213,215,213,2002,10,8/23/2018 19:00,5,C,"3-6,7-6(7),7-5",
199,MQ223,MQ,23,2,3,217,219,217,1870,18,8/23/2018 11:00,1,C,"7-6(7),6-4",
200,MQ224,MQ,24,2,3,222,224,222,1855,14,8/23/2018 11:00,1,C,"0-6,6-4,6-2",
201,MQ225,MQ,25,2,3,226,228,226,1907,9,,2,C,"6-3,6-0",
202,MQ226,MQ,26,2,3,229,232,232,1876,10,,2,C,"6-4,3-6,0-6",
203,MQ227,MQ,27,2,3,234,236,234,1875,2,8/23/2018 11:00,1,C,"6-4,6-4",
204,MQ228,MQ,28,2,3,238,240,240,2188,10,8/23/2018 11:00,1,C,"4-6,3-6",
205,MQ229,MQ,29,2,3,241,244,241,1962,14,,2,C,"7-6(5),6-4",
206,MQ230,MQ,30,2,3,245,248,245,1942,4,,2,C,"7-5,3-6,6-3",
207,MQ231,MQ,31,2,3,250,251,250,2162,13,,3,C,"6-3,3-6,6-1",
208,MQ232,MQ,32,2,3,253,255,255,2107,7,,3,C,"6-4,2-6,6-7(3)",
209,MQ301,MQ,1,3,4,131,136,136,1881,10,8/24/2018 14:00,3,C,"5-7,2-6",
210,MQ302,MQ,2,3,4,138,144,144,1857,5,,2,C,"4-6,0-6",
211,MQ303,MQ,3,3,4,147,152,147,1971,11,8/24/2018 14:00,3,C,"6-7(4),6-3,7-6(4)",
212,MQ304,MQ,4,3,4,154,160,160,1870,10,,2,C,"5-7,2-6",
213,MQ305,MQ,5,3,4,161,167,161,2002,7,8/24/2018 14:00,3,C,"6-0,7-6(5)",
214,MQ306,MQ,6,3,4,169,174,169,1907,7,8/24/2018 11:00,1,C,"6-3,6-3",
215,MQ307,MQ,7,3,4,180,184,184,1858,9,8/24/2018 11:00,1,C,"4-6,2-6",
216,MQ308,MQ,8,3,4,188,192,192,2007,17,8/24/2018 11:00,1,C,"5-7,4-6",
217,MQ309,MQ,9,3,4,193,200,193,2129,15,8/24/2018 15:30,3,C,"6-3,6-0",
218,MQ310,MQ,10,3,4,201,206,206,2107,13,8/24/2018 14:00,2,C,"4-6,6-7(3)",
219,MQ311,MQ,11,3,4,211,213,213,1854,14,8/24/2018 15:30,3,C,"6-3,5-7,2-6",
220,MQ312,MQ,12,3,4,217,222,222,1880,14,8/24/2018 11:00,1,C,"5-7,6-1,3-6",
221,MQ313,MQ,13,3,4,226,232,226,1883,15,,2,C,"6-3,2-6,6-3",
222,MQ314,MQ,14,3,4,234,240,234,1850,7,,2,C,"6-3,6-7(2),6-2",
223,MQ315,MQ,15,3,4,241,245,241,1884,12,8/24/2018 11:00,1,C,"6-4,6-2",
224,MQ316,MQ,16,3,4,250,255,250,1869,18,8/24/2018 13:00,2,C,"7-6(3),6-2",
225,ED101,ED,1,1,2,257,506,506,1852,2,8/22/2018 11:30,1,C,"6-4,4-6,0-0(10)",
480,ED102,ED,2,1,4,483,484,483,1897,3,8/24/2018 15:00,1,C,"4-6,6-4,1-0(10)",
226,WS101,WS,1,1,7,259,260,260,1858,2,8/27/2018 11:00,1,C,"2-6,4-6",
227,WS102,WS,2,1,7,501,261,501,1887,16,8/27/2018 11:00,1,C,"6-3,6-0",
228,WS103,WS,3,1,7,262,263,262,1862,14,8/27/2018 11:00,1,C,"7-6(4),6-3",
229,WS104,WS,4,1,7,264,265,264,1865,9,,2,C,"1-6,6-4,6-3",
230,WS105,WS,5,1,8,266,267,266,1885,1,8/27/2018 20:00,2,C,"6-4,6-0",
231,WS106,WS,6,1,7,268,269,269,2069,5,8/27/2018 19:30,5,C,"3-6,6-7(6)",
232,WS107,WS,7,1,7,270,271,270,1880,15,,2,C,"6-4,6-1",
233,WS108,WS,8,1,7,272,273,273,1854,1,,2,C,"3-6,7-5,3-6",
234,WS109,WS,9,1,7,274,275,274,1856,4,,2,C,"6-3,6-0",
235,WS110,WS,10,1,7,503,276,503,2110,17,,2,C,"6-4,6-2",
236,WS111,WS,11,1,7,277,278,278,1850,12,,3,C,"4-6,4-6",
237,WS112,WS,12,1,7,489,279,279,2007,5,,2,C,"1-6,3-6",
238,WS113,WS,13,1,7,280,281,280,1866,5,8/27/2018 17:50,4,C,"6-3,6-3",
239,WS114,WS,14,1,7,650,283,283,1886,10,,4,C,"0-6,6-4,6-7(4)",
240,WS115,WS,15,1,7,495,284,284,1872,11,,4,C,"4-6,2-6",
241,WS116,WS,16,1,7,285,286,286,1851,3,,3,C,"4-6,6-7(4)",
242,WS117,WS,17,1,7,287,288,287,1887,2,,3,C,"6-1,7-5",
243,WS118,WS,18,1,7,490,491,491,1867,9,,3,R,"6-1,6-7(0),2-5 ret",
244,WS119,WS,19,1,8,289,290,289,1884,2,8/27/2018 19:00,1,C,"6-3,7-5",
245,WS120,WS,20,1,7,291,292,292,1853,12,,4,C,"0-6,0-6",
246,WS121,WS,21,1,7,293,498,293,1888,14,,3,C,"6-3,6-4",
247,WS122,WS,22,1,7,294,295,295,1875,17,,3,C,"0-6,3-6",
248,WS123,WS,23,1,7,296,297,296,2182,8,8/27/2018 11:00,1,C,"6-3,6-3",
249,WS124,WS,24,1,7,298,299,299,1995,13,8/27/2018 11:00,1,C,"2-6,7-6(5),5-7",
250,WS125,WS,25,1,7,300,497,300,1855,13,,3,C,"6-2,6-7(5),6-2",
251,WS126,WS,26,1,7,487,301,301,2076,8,,2,C,"1-6,6-3,3-6",
252,WS127,WS,27,1,7,302,303,303,1879,15,,3,C,"6-7(4),6-1,4-6",
253,WS128,WS,28,1,7,304,305,305,1878,4,,3,C,"2-6,6-2,3-6",
254,WS129,WS,29,1,7,306,307,307,2107,11,8/27/2018 11:00,1,C,"2-6,2-6",
255,WS130,WS,30,1,7,308,309,309,1864,10,8/27/2018 11:00,1,C,"3-6,3-6",
256,WS131,WS,31,1,7,310,311,311,1877,7,,2,C,"3-6,3-6",
257,WS132,WS,32,1,7,312,313,313,1881,3,8/27/2018 11:00,1,C,"3-6,6-1,1-6",
258,WS133,WS,33,1,9,314,315,314,1860,3,8/28/2018 15:00,3,C,"6-2,6-2",
259,WS134,WS,34,1,9,316,317,316,1880,11,,3,C,"6-0,6-0",
260,WS135,WS,35,1,9,318,319,318,1864,5,8/28/2018 19:10,5,C,"6-0,6-3",
261,WS136,WS,36,1,9,510,320,320,1855,8,,4,C,"7-5,3-6,4-6",
262,WS137,WS,37,1,10,321,505,321,1872,2,,2,C,"6-2,7-6(6)",
263,WS138,WS,38,1,9,322,323,322,2129,14,,4,C,"6-3,3-6,7-5",
264,WS139,WS,39,1,9,324,325,324,1886,14,8/28/2018 11:00,1,C,"3-6,6-4,6-3",
265,WS140,WS,40,1,9,326,327,327,1873,2,8/28/2018 11:00,1,C,"4-6,6-4,5-7",
266,WS141,WS,41,1,10,328,329,328,1853,1,,2,C,"6-4,6-4",
267,WS142,WS,42,1,9,330,331,331,1876,10,,4,C,"6-7(6),4-6",
268,WS143,WS,43,1,9,332,333,333,1871,12,,2,C,"2-6,6-3,0-6",
269,WS144,WS,44,1,9,334,335,334,1887,4,,2,C,"6-3,7-6(3)",
270,WS145,WS,45,1,9,336,513,336,1861,10,,2,C,"4-6,6-2,6-3",
271,WS146,WS,46,1,9,337,338,338,2137,17,,2,C,"3-6,6-4,3-6",
272,WS147,WS,47,1,9,339,340,340,1879,7,8/28/2018 11:00,1,C,"6-4,3-6,2-6",
273,WS148,WS,48,1,9,341,342,342,1851,2,,2,C,"6-7(5),3-6",
274,WS149,WS,49,1,9,343,344,343,1875,4,8/28/2018 11:00,1,C,"6-1,6-4",
275,WS150,WS,50,1,9,345,346,345,1852,8,8/28/2018 11:00,1,C,"6-1,3-6,6-4",
276,WS151,WS,51,1,9,521,347,521,2002,16,,3,C,"6-2,6-7(6),7-5",
277,WS152,WS,52,1,9,348,349,349,1879,5,,3,C,"0-6,6-4,4-6",
278,WS153,WS,53,1,9,350,351,350,1858,3,8/28/2018 11:00,1,C,"6-3,6-2",
279,WS154,WS,54,1,9,352,512,512,1869,9,8/28/2018 11:00,1,C,"6-3,5-7,4-6",
280,WS155,WS,55,1,9,353,354,353,1874,11,,2,C,"2-6,6-1,6-2",
281,WS156,WS,56,1,9,355,356,356,1867,13,,3,C,"4-6,7-5,4-6",
282,WS157,WS,57,1,9,357,358,357,1878,5,,2,C,"6-0,7-5",
283,WS158,WS,58,1,9,517,359,517,2116,15,,2,C,"6-1,7-6(1)",
284,WS159,WS,59,1,9,360,518,518,2116,15,,4,C,"3-6,1-6",
285,WS160,WS,60,1,9,361,685,361,1889,7,,3,C,"6-1,6-4",
286,WS161,WS,61,1,9,363,364,364,1884,13,,4,C,"7-6(3),3-6,5-7",
287,WS162,WS,62,1,9,365,366,366,1882,9,,4,C,"4-6,1-6",
288,WS163,WS,63,1,9,367,368,368,1942,17,8/28/2018 11:00,1,C,"3-6,2-6",
289,WS164,WS,64,1,9,369,370,370,1868,1,8/28/2018 12:00,1,C,"3-6,2-6",
290,WS201,WS,1,2,11,260,501,260,2188,10,,4,C,"6-4,6-3",
291,WS202,WS,2,2,11,262,264,264,2116,13,,4,C,"5-7,1-6",
292,WS203,WS,3,2,12,266,269,266,1889,1,8/29/2018 19:45,1,C,"6-2,6-2",
293,WS204,WS,4,2,11,270,273,273,1887,2,8/29/2018 13:00,2,C,"4-6,5-7",
294,WS205,WS,5,2,12,274,503,503,1880,2,,2,C,"6-3,4-6,4-6",
295,WS206,WS,6,2,11,278,279,279,1870,4,,4,C,"5-7,3-6",
296,WS207,WS,7,2,11,280,283,283,1854,3,,4,C,"6-4,1-6,4-6",
297,WS208,WS,8,2,11,284,286,286,1853,5,,3,C,"2-6,3-6",
298,WS209,WS,9,2,11,287,491,287,1884,1,8/29/2018 12:00,1,C,"4-6,7-5,6-2",
299,WS210,WS,10,2,11,289,292,289,1860,4,8/29/2018 11:00,1,C,"6-1,6-2",
300,WS211,WS,11,2,11,293,295,293,1883,5,8/29/2018 11:00,1,C,"6-0,6-1",
301,WS212,WS,12,2,11,296,299,299,2007,7,8/29/2018 11:00,1,C,"2-6,0-6",
302,WS213,WS,13,2,11,300,301,301,1881,3,,2,C,"6-7(10),3-6",
303,WS214,WS,14,2,11,303,305,305,1918,7,,2,C,"3-6,1-6",
304,WS215,WS,15,2,11,307,309,307,2002,13,,2,C,"6-3,6-1",
305,WS216,WS,16,2,11,311,313,313,1885,2,8/29/2018 11:00,1,C,"2-6,3-6",
306,WS217,WS,17,2,13,314,316,314,1859,3,,2,C,"6-2,1-6,6-4",
307,WS218,WS,18,2,13,318,320,320,1867,5,,3,C,"1-6,6-4,4-6",
308,WS219,WS,19,2,14,321,322,321,1854,1,,2,C,"6-2,7-5",
309,WS220,WS,20,2,13,324,327,327,1870,5,,2,C,"6-4,3-6,4-6",
310,WS221,WS,21,2,13,328,331,328,1889,2,,3,C,"6-4,6-1",
311,WS222,WS,22,2,13,333,334,333,2116,7,,3,C,"6-1,6-3",
312,WS223,WS,23,2,13,336,338,336,1856,14,8/30/2018 11:00,1,C,"7-6(3),4-6,6-4",
313,WS224,WS,24,2,13,340,342,342,1872,1,8/30/2018 12:00,1,C,"2-6,7-5,4-6",
314,WS225,WS,25,2,13,343,345,343,1868,2,8/30/2018 11:00,1,C,"7-5,6-3",
315,WS226,WS,26,2,13,521,349,349,1971,7,8/30/2018 11:00,1,C,"3-6,6-7(7)",
316,WS227,WS,27,2,13,350,512,350,1852,4,8/30/2018 11:00,1,C,"6-2,6-0",
317,WS228,WS,28,2,13,353,356,353,1850,3,8/30/2018 11:00,1,C,"6-2,7-6(3)",
318,WS229,WS,29,2,13,357,517,357,1918,13,,2,C,"6-2,6-1",
319,WS230,WS,30,2,13,518,361,361,1886,4,,3,C,"4-6,3-6",
320,WS231,WS,31,2,13,364,366,364,1888,13,,4,C,"6-3,6-7(3),7-6(4)",
321,WS232,WS,32,2,14,368,370,368,1887,2,8/30/2018 21:00,2,C,"6-4,6-2",
322,WS301,WS,1,3,15,260,264,260,1860,4,,3,C,"6-3,7-6(3)",
323,WS302,WS,2,3,16,266,273,266,1878,1,8/31/2018 19:45,1,C,"6-1,6-2",
324,WS303,WS,3,3,15,503,279,279,1886,5,8/31/2018 20:00,5,C,"3-6,4-6",
325,WS304,WS,4,3,16,283,286,286,1885,2,,2,C,"4-6,6-7(2)",
326,WS305,WS,5,3,15,287,289,287,1870,1,8/31/2018 12:00,1,C,"6-3,6-4",
327,WS306,WS,6,3,15,293,299,299,1884,2,8/31/2018 11:00,1,C,"3-6,6-7(4)",
328,WS307,WS,7,3,15,301,305,305,1883,3,8/31/2018 11:00,1,C,"6-4,1-6,2-6",
329,WS308,WS,8,3,15,307,313,313,1865,2,,2,C,"4-6,4-6",
330,WS309,WS,9,3,17,314,320,320,1866,4,,2,C,"7-5,4-6,6-7(4)",
331,WS310,WS,10,3,18,321,327,321,1860,1,9/1/2018 19:00,1,C,"6-3,6-2",
332,WS311,WS,11,3,17,328,333,328,1872,1,9/1/2018 12:00,1,C,"4-6,6-1,6-2",
333,WS312,WS,12,3,17,336,342,336,1858,2,,2,C,"3-6,6-3,6-3",
334,WS313,WS,13,3,18,343,349,349,1875,2,9/1/2018 20:15,1,C,"5-7,1-6",
335,WS314,WS,14,3,17,350,353,350,1889,3,,3,C,"6-0,6-0",
336,WS315,WS,15,3,17,357,361,361,1853,2,9/1/2018 11:00,1,C,"6-7(4),6-2,6-7(1)",
337,WS316,WS,16,3,17,364,368,368,1850,3,,2,C,"4-6,0-6",
338,WS401,WS,1,4,19,260,266,266,1885,1,,2,C,"0-6,6-4,3-6",
339,WS402,WS,2,4,19,279,286,286,1854,2,,2,C,"4-6,4-6",
340,WS403,WS,3,4,20,287,299,287,1887,1,9/2/2018 19:00,1,C,"6-3,6-3",
341,WS404,WS,4,4,19,305,313,305,1852,3,9/2/2018 17:00,4,C,"6-3,1-6,6-0",
342,WS405,WS,5,4,22,320,321,320,1877,1,9/3/2018 19:00,1,C,"6-4,6-3",
343,WS406,WS,6,4,21,328,336,328,1854,1,9/3/2018 12:00,1,C,"6-1,6-3",
344,WS407,WS,7,4,21,349,350,350,1884,2,,2,C,"3-6,6-2,4-6",
345,WS408,WS,8,4,21,361,368,368,1889,3,,3,C,"7-6(3),5-7,2-6",
346,WS501,WS,1,5,24,266,286,266,1889,1,9/4/2018 19:00,1,C,"6-4,6-3",
347,WS502,WS,2,5,23,287,305,305,1857,1,9/4/2018 12:00,1,C,"2-6,3-6",
348,WS503,WS,3,5,26,320,328,328,1870,1,9/5/2018 19:00,1,C,"4-6,3-6",
349,WS504,WS,4,5,25,350,368,350,1852,1,9/5/2018 12:00,1,C,"6-1,6-1",
350,WS601,WS,1,6,28,266,305,266,1860,1,9/6/2018 19:00,1,C,"6-3,6-0",
351,WS602,WS,2,6,28,328,350,350,1886,1,,2,C,"2-6,4-6",
352,WS701,WS,1,7,31,266,350,350,1878,1,9/8/2018 16:00,2,C,"2-6,4-6",
353,MS101,MS,1,1,8,371,372,371,1870,1,,3,R,"6-3,3-4 ret",
354,MS102,MS,2,1,7,373,374,373,2076,8,,4,C,"7-5,6-3,6-2",
355,MS103,MS,3,1,7,375,502,502,1868,17,8/27/2018 11:00,1,C,"6-7(2),7-6(9),7-5,6-7(6),2-6",
356,MS104,MS,4,1,7,376,377,377,1867,9,8/27/2018 11:00,1,C,"3-6,2-6,3-6",
357,MS105,MS,5,1,7,378,379,378,1878,4,8/27/2018 11:00,1,C,"6-0,7-6(4),6-2",
358,MS106,MS,6,1,7,380,381,381,1853,12,,2,C,"2-6,6-4,2-6,6-2,4-6",
359,MS107,MS,7,1,7,496,382,382,1850,12,8/27/2018 11:00,1,C,"4-6,4-6,1-6",
360,MS108,MS,8,1,7,383,384,383,1879,7,8/27/2018 11:00,1,C,"4-6,6-4,7-5,6-1",
361,MS109,MS,9,1,7,385,386,385,1877,3,,5,C,"6-3,6-1,6-4",
362,MS110,MS,10,1,7,387,388,388,1862,15,,4,C,"3-6,6-7(6),3-6",
363,MS111,MS,11,1,7,389,390,390,2069,13,,2,C,"6-4,6-2,4-6,6-7(2),2-6",
364,MS112,MS,12,1,7,391,392,391,1886,10,,2,C,"6-3,6-3,6-4",
365,MS113,MS,13,1,7,393,486,393,1889,3,8/27/2018 17:00,4,R,"7-5,5-7,4-1 ret",
366,MS114,MS,14,1,7,394,395,395,1883,5,,3,R,"7-6(6),4-6,2-6,1-2 ret",
367,MS115,MS,15,1,7,396,397,396,2188,16,,3,C,"6-2,4-6,6-4,6-1",
368,MS116,MS,16,1,7,398,399,399,1856,4,,4,C,"6-7(4),7-5,6-4,3-6,4-6",
369,MS117,MS,17,1,8,400,485,400,1860,2,,2,C,"6-0,6-3,6-4",
370,MS118,MS,18,1,7,401,402,401,1865,9,,4,C,"6-4,7-5,6-2",
371,MS119,MS,19,1,7,403,404,403,1852,2,,2,C,"6-7(5),6-3,7-5,6-3",
372,MS120,MS,20,1,7,405,406,406,1872,14,,2,C,"2-6,5-7,4-6",
373,MS121,MS,21,1,7,407,408,407,1864,10,,3,C,"6-2,6-2,5-7,6-4",
374,MS122,MS,22,1,7,409,494,409,2107,11,,3,C,"3-6,6-2,6-4,7-6(3)",
375,MS123,MS,23,1,7,410,411,410,2116,16,8/27/2018 17:00,4,C,"7-5,6-4,6-2",
376,MS124,MS,24,1,7,499,412,412,1880,14,,4,C,"3-6,6-7(1),4-6",
377,MS125,MS,25,1,7,413,414,413,1882,3,,2,C,"7-6(3),6-3,6-4",
378,MS126,MS,26,1,7,415,416,415,1962,16,,2,C,"7-6(4),4-6,6-1,7-5",
379,MS127,MS,27,1,7,417,418,417,1971,7,,3,C,"7-5,4-6,6-4,6-3",
380,MS128,MS,28,1,7,419,420,419,1874,8,,3,C,"3-6,6-1,6-3,6-4",
381,MS129,MS,29,1,7,421,488,421,1866,5,8/27/2018 11:00,1,C,"7-6(4),6-4,1-6,6-3",
382,MS130,MS,30,1,7,500,423,423,1855,15,8/27/2018 11:00,1,C,"2-6,2-6,3-6",
383,MS131,MS,31,1,7,492,493,493,1857,11,,2,C,"3-6,6-7(4),3-6",
384,MS132,MS,32,1,7,424,425,424,1871,1,8/27/2018 12:00,1,C,"6-3,6-2,7-5",
385,MS133,MS,33,1,9,426,427,426,1855,3,,2,R,"7-5,6-1,1-1 ret",
386,MS134,MS,34,1,9,519,520,520,2002,16,8/28/2018 11:00,1,R,"2-6,6-2,6-7(6),0-3 ret",
387,MS135,MS,35,1,9,429,430,429,1868,7,,4,C,"6-0,6-1,6-2",
388,MS136,MS,36,1,9,431,432,431,1858,3,8/28/2018 17:00,4,C,"6-1,6-4,4-6,6-4",
389,MS137,MS,37,1,9,433,434,434,1863,7,,2,C,"6-2,6-7(5),3-6,4-6",
390,MS138,MS,38,1,9,435,436,436,1889,15,8/28/2018 11:00,1,C,"6-7(2),4-6,3-6",
391,MS139,MS,39,1,9,437,438,438,1870,15,,3,C,"6-4,6-4,3-6,1-6,3-6",
392,MS140,MS,40,1,9,514,439,439,1850,10,,3,C,"2-6,4-6,6-7(5)",
393,MS141,MS,41,1,9,440,441,440,1884,13,,2,C,"6-2,7-6(6),6-2",
394,MS142,MS,42,1,9,651,443,443,2107,16,,2,C,"7-5,3-6,6-7(3),6-2,1-6",
395,MS143,MS,43,1,9,511,444,444,1859,5,,4,C,"6-7(4),6-3,0-6,0-6",
396,MS144,MS,44,1,9,445,446,446,1878,4,8/28/2018 16:00,4,C,"2-6,2-6,3-6",
397,MS145,MS,45,1,9,447,448,448,1885,12,,3,R,"6-7(1),7-6(5),6-4,1-6,1-4 ret",
398,MS146,MS,46,1,9,449,450,450,2162,14,,3,C,"6-7(3),7-5,4-6,4-6",
399,MS147,MS,47,1,9,684,452,684,1886,17,,3,C,"6-2,7-5,5-7,6-4",
400,MS148,MS,48,1,9,504,453,453,1866,2,,3,C,"2-6,1-6,2-6",
401,MS149,MS,49,1,9,454,455,454,1857,1,,2,C,"6-3,3-6,6-4,6-0",
402,MS150,MS,50,1,9,456,457,457,1864,14,,2,C,"3-6,4-6,2-6",
403,MS151,MS,51,1,9,458,459,458,1880,11,8/28/2018 11:00,1,R,"6-4,6-4,4-6,2-1 ret",
404,MS152,MS,52,1,9,460,461,461,1856,5,8/28/2018 11:00,1,C,"3-6,1-6,3-6",
405,MS153,MS,53,1,9,462,509,462,1852,8,,3,C,"7-6(6),6-2,7-5",
406,MS154,MS,54,1,9,463,464,463,1869,9,,3,R,"6-4,6-4,2-6,3-1 ret",
407,MS155,MS,55,1,9,465,516,465,1883,12,8/28/2018 11:00,1,C,"6-2,6-2,6-3",
408,MS156,MS,56,1,9,466,467,467,1971,8,,2,C,"5-7,2-6,2-6",
409,MS157,MS,57,1,9,468,469,468,1875,4,,3,C,"4-6,6-2,6-4,7-6(4)",
410,MS158,MS,58,1,9,470,471,471,1882,9,,2,C,"4-6,2-6,0-6",
411,MS159,MS,59,1,9,472,473,472,1854,10,8/28/2018 11:00,1,C,"6-3,6-1,4-6,7-6(3)",
412,MS160,MS,60,1,9,474,475,475,1867,13,8/28/2018 11:00,1,R,"6-4,6-7(6),0-6,0-2 ret",
413,MS161,MS,61,1,10,476,477,476,1877,2,8/28/2018 19:00,1,C,"7-5,2-6,6-4,6-2",
414,MS162,MS,62,1,9,478,479,479,1871,17,,4,C,"3-6,6-7(3),5-7",
415,MS163,MS,63,1,9,480,515,480,1874,11,,4,C,"7-6(6),3-6,7-5,7-6(5)",
416,MS164,MS,64,1,10,481,482,482,1862,1,8/28/2018 19:00,1,C,"2-6,2-6,4-6",
417,MS201,MS,1,2,12,371,373,371,1886,1,,2,C,"6-3,6-4,6-2",
418,MS202,MS,2,2,11,502,377,377,1879,15,,4,C,"5-7,3-6,3-6",
419,MS203,MS,3,2,12,378,381,381,1874,2,8/29/2018 19:00,1,C,"6-4,3-6,2-6,6-7(3)",
420,MS204,MS,4,2,11,382,383,382,1866,7,8/29/2018 16:40,4,C,"7-5,6-0,6-2",
421,MS205,MS,5,2,11,385,388,385,1855,4,,2,C,"6-7(5),6-3,5-7,6-4,6-1",
422,MS206,MS,6,2,11,390,391,390,1868,7,,3,R,"6-3,3-6,6-3,0-0 ret",
423,MS207,MS,7,2,11,393,395,393,1862,5,8/29/2018 17:00,4,C,"6-4,4-6,5-7,7-6(2),6-4",
424,MS208,MS,8,2,11,396,399,399,1872,4,,3,C,"2-6,4-6,4-6",
425,MS209,MS,9,2,11,400,401,400,1878,2,,3,C,"6-3,6-1,7-6(4)",
426,MS210,MS,10,2,11,403,406,406,1867,1,,2,C,"5-7,6-2,4-6,4-6",
427,MS211,MS,11,2,11,407,409,407,1971,14,8/29/2018 11:00,1,C,"7-6(4),6-2,6-3",
428,MS212,MS,12,2,11,410,412,410,1854,13,8/29/2018 11:00,1,C,"6-4,6-3,4-6,6-3",
429,MS213,MS,13,2,11,413,415,413,1869,3,,3,C,"6-7(7),6-4,3-6,7-6(2),6-4",
430,MS214,MS,14,2,11,417,419,419,1962,13,,3,C,"2-6,6-2,4-6,4-6",
431,MS215,MS,15,2,11,421,423,421,1852,5,,2,C,"6-3,6-4,6-4",
432,MS216,MS,16,2,11,493,424,424,1882,3,8/29/2018 11:00,1,C,"6-7(5),6-4,3-6,5-7",
433,MS217,MS,17,2,13,426,520,426,1862,3,8/30/2018 17:00,4,C,"6-2,6-0,6-0",
434,MS218,MS,18,2,13,429,431,429,1885,4,,4,C,"6-4,6-0,5-7,6-2",
435,MS219,MS,19,2,13,434,436,436,1883,14,,2,C,"2-6,6-4,1-6,6-3,3-6",
436,MS220,MS,20,2,13,438,439,439,1866,13,,3,C,"2-6,7-6(1),3-6,2-6",
437,MS221,MS,21,2,13,440,443,440,1851,7,,2,C,"6-2,6-0,5-7,6-2",
438,MS222,MS,22,2,14,444,446,446,1857,2,8/30/2018 19:00,1,R,"2-6,4-5 ret",
439,MS223,MS,23,2,13,448,450,450,1884,15,,2,C,"7-6(1),3-6,2-6,0-6",
440,MS224,MS,24,2,13,684,453,453,1853,2,,2,C,"4-6,4-6,2-6",
441,MS225,MS,25,2,14,454,457,454,1858,1,8/30/2018 19:00,1,C,"6-1,6-3,6-7(2),6-2",
442,MS226,MS,26,2,13,458,461,461,1860,5,,4,C,"3-6,6-7(5),3-6",
443,MS227,MS,27,2,13,462,463,462,1871,3,,3,C,"6-7(4),6-4,6-4,6-3",
444,MS228,MS,28,2,13,465,467,465,1877,10,,3,R,"4-6,6-3,5-7,6-2,2-0 ret",
445,MS229,MS,29,2,13,468,471,471,1878,5,8/30/2018 12:00,1,C,"1-6,6-4,4-6,1-6",
446,MS230,MS,30,2,13,472,475,472,1875,13,8/30/2018 11:00,1,C,"7-6(5),6-2,6-3",
447,MS231,MS,31,2,13,476,479,476,1874,4,,2,C,"4-6,7-6(6),6-3,6-0",
448,MS232,MS,32,2,13,480,482,482,1882,1,,2,C,"5-7,4-6,4-6",
449,MS301,MS,1,3,15,371,377,371,1862,1,,2,C,"5-7,7-5,7-6(7),7-6(3)",
450,MS302,MS,2,3,15,381,382,381,1887,4,,2,C,"6-3,6-4,1-6,7-6(4)",
451,MS303,MS,3,3,15,385,390,385,1875,3,,2,C,"3-6,6-3,7-6(5),6-4",
452,MS304,MS,4,3,15,393,399,399,1867,2,,3,C,"6-4,3-6,4-6,6-4,4-6",
453,MS305,MS,5,3,16,400,406,400,1871,1,,2,C,"7-5,7-6(6),6-3",
454,MS306,MS,6,3,15,407,410,407,1868,4,8/31/2018 17:00,4,C,"6-3,7-5,6-2",
455,MS307,MS,7,3,15,413,419,413,1864,3,,3,C,"7-6(8),6-7(6),6-3,7-5",
456,MS308,MS,8,3,16,421,424,421,1854,2,8/31/2018 19:35,1,C,"7-6(6),6-4,6-3",
457,MS309,MS,9,3,18,426,429,426,1882,2,,2,C,"4-6,3-6,6-3,6-4,7-5",
458,MS310,MS,10,3,17,436,439,439,1855,4,,4,C,"4-6,1-6,6-7(4)",
459,MS311,MS,11,3,17,440,446,446,1852,3,9/1/2018 17:00,4,C,"4-6,4-6,7-5,1-6",
460,MS312,MS,12,3,17,450,453,450,1886,2,,3,C,"6-7(1),6-4,6-1,6-3",
461,MS313,MS,13,3,18,454,461,454,1877,1,,2,C,"6-2,6-3,6-3",
462,MS314,MS,14,3,17,462,465,465,1857,4,,3,C,"6-7(5),6-4,6-7(4),6-7(5)",
463,MS315,MS,15,3,17,471,472,471,1884,3,9/1/2018 11:00,1,C,"6-4,4-6,6-1,6-3",
464,MS316,MS,16,3,17,476,482,482,1871,1,,2,C,"4-6,1-6,5-7",
465,MS401,MS,1,4,19,371,381,371,1878,1,9/2/2018 12:00,1,C,"6-3,6-3,6-7(6),6-4",
466,MS402,MS,2,4,19,385,399,385,1868,2,9/2/2018 11:00,1,C,"7-5,6-2,7-6(2)",
467,MS403,MS,3,4,20,400,407,400,1870,1,,2,C,"6-4,6-3,6-1",
468,MS404,MS,4,4,19,413,421,413,1862,2,,3,C,"3-6,6-3,6-4,3-6,6-2",
469,MS405,MS,5,4,21,426,439,426,1857,2,9/3/2018 16:00,3,C,"7-6(6),6-2,6-4",
470,MS406,MS,6,4,21,446,450,446,1885,2,9/3/2018 11:00,1,C,"6-3,6-2,7-5",
471,MS407,MS,7,4,21,454,465,454,1871,1,9/3/2018 14:00,2,C,"6-3,6-4,6-3",
472,MS408,MS,8,4,22,471,482,471,1868,1,,2,C,"3-6,7-5,7-6(7),7-6(3)",
473,MS501,MS,1,5,24,371,385,371,1867,1,,2,C,"0-6,6-4,7-5,6-7(4),7-6(5)",
474,MS502,MS,2,5,23,400,413,400,1878,1,9/4/2018 13:30,2,C,"6-7(5),6-3,7-6(4),6-2",
475,MS503,MS,3,5,25,426,446,446,1854,1,,2,C,"6-2,4-6,6-7(5),6-4,4-6",
476,MS504,MS,4,5,26,454,471,454,1858,1,,2,C,"6-3,6-4,6-4",
477,MS601,MS,1,6,29,371,400,400,1871,1,9/7/2018 16:00,2,R,"6-7(3),2-6,0-0 ret",
478,MS602,MS,2,6,29,446,454,454,1877,1,9/7/2018 18:50,3,C,"3-6,4-6,2-6",
479,MS701,MS,1,7,33,400,454,454,1868,1,9/9/2018 16:00,2,C,"3-6,6-7(4),3-6",
481,ED103,ED,3,1,6,507,508,507,,14,8/26/2018 13:30,1,C,"6-2,6-7(3),1-0(8)",
482,ED104,ED,4,1,,,,,,,,,I,,
483,WD101,WD,1,1,11,522,523,522,2007,17,8/29/2018 14:30,3,C,"7-6(4),6-1",
484,WD102,WD,2,1,13,524,525,525,1861,8,,3,C,"3-6,6-7(5)",
485,WD103,WD,3,1,11,526,527,527,1918,12,,4,C,"6-7(2),2-6",
486,WD104,WD,4,1,13,528,529,529,2162,8,8/30/2018 19:30,5,C,"3-6,6-7(5)",
487,WD105,WD,5,1,13,530,531,531,1856,14,,3,C,"7-6(8),4-6,2-6",
488,WD106,WD,6,1,11,532,533,533,2110,17,,2,C,"1-6,3-6",
489,WD107,WD,7,1,13,534,535,534,1878,9,,4,C,"1-6,6-2,6-3",
490,WD108,WD,8,1,13,536,537,537,2110,16,,2,C,"3-6,7-5,2-6",
491,WD109,WD,9,1,13,538,539,538,1862,11,,2,C,"6-1,7-5",
492,WD110,WD,10,1,13,540,541,540,1863,17,,2,C,"6-3,6-3",
493,WD111,WD,11,1,11,542,543,543,1875,10,8/29/2018 11:00,1,C,"1-6,6-3,2-6",
494,WD112,WD,12,1,13,544,545,545,1876,8,,4,C,"3-6,0-6",
495,WD113,WD,13,1,13,546,547,546,1859,12,8/30/2018 17:00,5,C,"6-2,6-4",
496,WD114,WD,14,1,11,548,549,548,2129,15,8/29/2018 11:00,1,C,"6-4,4-6,7-6(6)",
497,WD115,WD,15,1,11,550,551,550,2188,10,,2,C,"6-4,6-0",
498,WD116,WD,16,1,11,552,553,552,1857,8,,2,C,"6-7(5),6-3,7-5",
499,WD117,WD,17,1,13,554,555,555,1877,16,8/30/2018 11:00,1,C,"3-6,5-7",
500,WD118,WD,18,1,13,556,557,557,1864,10,,2,C,"2-6,5-7",
501,WD119,WD,19,1,11,558,559,558,1883,14,8/29/2018 13:30,3,C,"6-2,6-1",
502,WD120,WD,20,1,11,560,561,561,2069,9,,3,C,"6-7(5),2-6",
503,WD121,WD,21,1,13,562,563,563,1861,8,8/30/2018 11:00,1,C,"3-6,4-6",
504,WD122,WD,22,1,11,564,565,564,1856,16,,3,C,"1-6,6-4,6-4",
505,WD123,WD,23,1,11,566,567,567,1870,11,,2,C,"2-6,6-4,2-6",
506,WD124,WD,24,1,13,568,569,569,2086,15,8/30/2018 11:00,1,C,"2-6,7-6(5),1-6",
507,WD125,WD,25,1,13,570,571,570,1855,17,,3,C,"6-2,6-3",
508,WD126,WD,26,1,11,572,573,572,1868,16,8/29/2018 11:00,1,C,"6-3,6-1",
509,WD127,WD,27,1,11,574,575,575,1871,9,,4,C,"2-6,1-6",
510,WD128,WD,28,1,11,576,577,576,2069,9,8/29/2018 11:00,1,C,"6-4,6-4",
511,WD129,WD,29,1,11,578,579,578,1851,14,,4,C,"7-6(3),6-4",
512,WD130,WD,30,1,13,580,581,580,2107,9,,2,C,"6-4,4-6,6-4",
513,WD131,WD,31,1,13,582,583,583,1873,9,,3,C,"1-6,6-1,1-6",
514,WD132,WD,32,1,11,584,585,585,1860,12,,3,C,"4-6,5-7",
515,WD201,WD,1,2,15,522,525,522,1889,14,8/31/2018 14:30,1,C,"6-4,6-3",
516,WD202,WD,2,2,15,527,529,527,1853,10,8/31/2018 14:00,1,C,"3-6,6-3,6-2",
517,WD203,WD,3,2,15,531,533,533,2002,13,,3,C,"4-6,6-7(5)",
518,WD204,WD,4,2,17,534,537,537,1962,9,9/1/2018 11:00,1,C,"4-6,0-6",
519,WD205,WD,5,2,17,538,540,538,1883,10,9/1/2018 11:00,1,C,"6-1,7-6(5)",
520,WD206,WD,6,2,17,543,545,545,1870,10,9/1/2018 14:10,3,C,"2-6,5-7",
521,WD207,WD,7,2,15,546,548,548,1877,9,,2,C,"6-7(3),4-6",
522,WD208,WD,8,2,15,550,552,550,2107,13,,4,C,"7-5,6-4",
523,WD209,WD,9,2,17,555,557,555,1879,8,,2,C,"4-6,7-6(1),7-6(4)",
524,WD210,WD,10,2,15,558,561,558,1851,7,8/31/2018 12:30,1,C,"5-7,6-2,7-6(5)",
525,WD211,WD,11,2,17,563,564,564,1887,5,9/1/2018 11:00,1,C,"2-6,5-7",
526,WD212,WD,12,2,17,567,569,567,2107,15,9/1/2018 11:00,1,C,"6-2,7-6(2)",
527,WD213,WD,13,2,17,570,572,570,1881,9,9/1/2018 13:00,2,C,"3-6,6-4,7-5",
528,WD214,WD,14,2,15,575,576,575,1882,14,,2,C,"6-7(5),6-3,6-1",
529,WD215,WD,15,2,17,578,580,578,1885,10,9/1/2018 13:00,2,R,4-1 ret,
530,WD216,WD,16,2,15,583,585,585,1856,5,,2,C,"0-6,2-6",
531,WD301,WD,1,3,19,522,527,522,1877,4,,3,C,"6-3,6-2",
532,WD302,WD,2,3,21,533,537,537,1971,4,9/3/2018 18:15,4,C,"5-7,4-6",
533,WD303,WD,3,3,21,538,545,545,1878,4,,2,C,"3-6,3-6",
534,WD304,WD,4,3,19,548,550,550,1872,4,9/2/2018 11:00,1,C,"4-6,1-6",
535,WD305,WD,5,3,21,555,558,555,1874,4,,3,C,"6-4,6-3",
536,WD306,WD,6,3,19,564,567,567,1867,3,,3,C,"3-6,3-6",
537,WD307,WD,7,3,21,570,575,570,1962,5,,2,C,"6-4,6-4",
538,WD308,WD,8,3,19,578,585,585,1853,3,,2,C,"3-6,4-6",
539,WD401,WD,1,4,25,522,537,522,1871,3,,4,C,"2-6,7-6(7),6-3",
540,WD402,WD,2,4,23,545,550,545,1884,2,,3,C,"6-2,6-3",
541,WD403,WD,3,4,25,555,567,567,1868,4,9/5/2018 13:00,2,C,"2-6,3-6",
542,WD404,WD,4,4,23,570,585,585,1871,2,9/4/2018 11:00,1,C,"6-7(5),2-6",
543,WD501,WD,1,5,27,522,545,545,1854,2,9/6/2018 15:00,3,C,"4-6,6-7(6)",
544,WD502,WD,2,5,27,567,585,585,1852,2,,4,C,"4-6,6-7(4)",
545,WD601,WD,1,6,33,545,585,545,1860,1,9/9/2018 13:00,1,C,"3-6,7-6(2),7-6(6)",
546,MD101,MD,1,1,11,586,587,587,1850,17,,4,C,"6-3,6-7(5),5-7",
547,MD102,MD,2,1,11,588,589,589,1850,15,,2,C,"6-7(2),4-6",
548,MD103,MD,3,1,11,590,591,591,1869,8,8/29/2018 11:00,1,C,"3-6,4-6",
549,MD104,MD,4,1,13,592,593,593,1867,11,8/30/2018 11:00,1,C,"4-6,2-6",
550,MD105,MD,5,1,11,594,595,594,2107,8,8/29/2018 13:30,3,C,"6-3,3-6,7-6(2)",
551,MD106,MD,6,1,11,596,597,596,1857,16,,5,C,"6-4,3-6,6-3",
552,MD107,MD,7,1,13,598,599,598,2116,10,8/30/2018 11:00,1,C,"6-4,6-4",
553,MD108,MD,8,1,13,690,601,601,1880,10,8/30/2018 17:45,4,C,"3-6,6-7(2)",
554,MD109,MD,9,1,13,602,603,602,2086,15,,3,C,"6-2,6-3",
555,MD110,MD,10,1,11,604,605,604,1865,12,,2,C,"6-3,7-6(8)",
556,MD111,MD,11,1,11,606,607,606,1866,16,,2,C,"6-1,6-2",
557,MD112,MD,12,1,11,608,609,609,1871,9,,2,C,"2-6,6-4,6-7(6)",
558,MD113,MD,13,1,11,610,611,610,1851,14,,2,C,"4-6,6-2,6-4",
559,MD114,MD,14,1,11,612,613,613,1887,9,,5,C,"3-6,3-6",
560,MD115,MD,15,1,11,687,615,687,1885,11,,4,C,"7-6(4),7-6(5)",
561,MD116,MD,16,1,11,616,617,617,1942,17,8/29/2018 11:00,1,C,"3-6,4-6",
562,MD117,MD,17,1,11,618,619,618,1856,12,8/29/2018 11:00,1,C,"6-2,6-2",
563,MD118,MD,18,1,13,620,621,620,1852,16,,3,C,"6-3,6-4",
564,MD119,MD,19,1,13,622,623,623,1879,12,8/30/2018 11:00,1,C,"4-6,4-6",
565,MD120,MD,20,1,13,624,625,624,1872,14,8/30/2018 20:30,4,C,"7-6(5),1-6,6-4",
566,MD121,MD,21,1,13,626,627,626,1873,9,8/30/2018 11:00,1,C,"6-4,7-6(9)",
567,MD122,MD,22,1,13,628,629,629,1870,16,8/30/2018 18:00,5,C,"6-3,4-6,1-6",
568,MD123,MD,23,1,11,630,631,630,1858,16,,4,C,"6-3,6-2",
569,MD124,MD,24,1,13,632,633,633,1864,7,,4,C,"1-6,1-6",
570,MD125,MD,25,1,13,634,688,634,1855,17,8/30/2018 11:00,1,C,"6-3,6-2",
571,MD126,MD,26,1,11,636,637,636,1864,10,,3,C,"7-5,7-6(2)",
572,MD127,MD,27,1,13,689,639,689,1850,12,,3,C,"6-2,6-2",
573,MD128,MD,28,1,11,686,641,641,2107,11,8/29/2018 11:00,1,C,"3-6,7-6(4),4-6",
574,MD129,MD,29,1,11,642,643,642,1877,15,,3,C,"4-6,6-3,6-4",
575,MD130,MD,30,1,11,644,645,645,1875,11,,3,C,"3-6,2-6",
576,MD131,MD,31,1,13,646,647,646,1879,11,,3,C,"6-3,6-4",
577,MD132,MD,32,1,13,648,649,649,1876,8,,2,C,"7-5,6-7(2),6-7(5)",
578,MD201,MD,1,2,15,587,589,589,1872,13,,2,C,"3-6,3-6",
579,MD202,MD,2,2,15,591,593,591,1857,10,,2,C,"6-4,7-6(4)",
580,MD203,MD,3,2,17,594,596,594,1867,15,,2,C,"7-5,6-3",
581,MD204,MD,4,2,17,598,601,601,1862,5,,3,C,"3-6,6-3,3-6",
582,MD205,MD,5,2,17,602,604,602,1878,5,9/1/2018 13:00,2,C,"6-3,6-4",
583,MD206,MD,6,2,15,606,609,609,1874,7,,2,C,"3-6,6-3,1-6",
584,MD207,MD,7,2,15,610,613,613,1850,4,8/31/2018 11:00,1,C,"2-6,6-4,3-6",
585,MD208,MD,8,2,15,687,617,687,1962,5,8/31/2018 11:00,1,C,"3-6,7-6(8),6-2",
586,MD209,MD,9,2,15,618,620,620,1866,5,8/31/2018 15:00,3,C,"3-6,6-7(5)",
587,MD210,MD,10,2,15,623,624,623,1880,15,8/31/2018 15:00,1,C,"7-6(3),6-4",
588,MD211,MD,11,2,17,626,629,626,2116,14,,3,C,"6-7(5),6-3,6-4",
589,MD212,MD,12,2,17,630,633,633,1880,4,9/1/2018 11:00,1,C,"1-6,5-7",
590,MD213,MD,13,2,17,634,636,634,1874,8,9/1/2018 11:00,1,C,"6-4,7-6(4)",
591,MD214,MD,14,2,15,689,641,641,1855,9,8/31/2018 13:00,1,C,"4-6,6-7(1)",
592,MD215,MD,15,2,15,642,645,642,1881,15,,2,C,"6-4,6-4",
593,MD216,MD,16,2,17,646,649,646,1971,14,9/1/2018 11:00,1,C,"7-6(4),3-6,7-6(3)",
594,MD301,MD,1,3,19,589,591,591,1871,3,9/2/2018 11:00,1,C,"3-6,4-6",
595,MD302,MD,2,3,19,594,601,601,1858,4,,4,C,"5-7,6-2,3-6",
596,MD303,MD,3,3,21,602,609,602,1860,3,,2,C,"7-6(4),6-4",
597,MD304,MD,4,3,19,613,687,687,1875,2,,4,C,"2-6,6-4,6-7(5)",
598,MD305,MD,5,3,19,620,623,620,1857,5,9/2/2018 11:00,1,C,"6-3,6-4",
599,MD306,MD,6,3,21,626,633,633,1858,3,,4,C,"2-6,4-6",
600,MD307,MD,7,3,21,634,641,634,1852,3,9/3/2018 11:00,1,C,"6-2,2-6,6-3",
601,MD308,MD,8,3,21,642,646,642,1886,4,9/3/2018 11:00,1,C,"7-6(6),4-6,6-3",
602,MD401,MD,1,4,23,591,601,601,1886,3,9/4/2018 15:30,3,C,"4-6,2-6",
603,MD402,MD,2,4,25,602,687,687,1877,3,9/5/2018 11:00,1,C,"5-7,4-6",
604,MD403,MD,3,4,25,620,633,633,1860,3,,2,C,"4-6,6-7(3)",
605,MD404,MD,4,4,23,634,642,634,1858,2,,2,C,"6-3,6-4",
606,MD501,MD,1,5,27,601,687,601,1878,2,9/6/2018 12:00,1,C,"7-6(3),3-6,6-3",
607,MD502,MD,2,5,27,633,634,633,1867,2,,2,C,"6-2,6-7(1),6-4",
608,MD601,MD,1,6,29,601,633,633,1854,1,9/7/2018 12:00,1,C,"3-6,1-6",
609,XD101,XD,1,1,13,652,653,652,1875,17,8/30/2018 17:30,5,C,"6-0,6-4",
610,XD102,XD,2,1,15,654,655,654,1971,13,,5,C,"3-6,7-5,1-0(5)",
611,XD103,XD,3,1,13,656,657,656,2019,12,,4,C,"6-4,6-3",
612,XD104,XD,4,1,13,658,659,659,1971,11,8/30/2018 15:45,4,C,"6-7(8),1-6",
613,XD105,XD,5,1,15,660,661,660,1852,10,8/31/2018 18:00,3,C,"6-4,3-6,1-0(8)",
614,XD106,XD,6,1,13,662,663,663,1853,9,8/30/2018 19:15,5,C,"1-6,5-7",
615,XD107,XD,7,1,15,664,665,664,2116,14,8/31/2018 18:15,3,C,"6-4,7-6(2)",
616,XD108,XD,8,1,15,666,667,667,1888,13,8/31/2018 11:00,1,C,"7-5,3-6,0-1(6)",
617,XD109,XD,9,1,13,668,669,668,1851,11,8/30/2018 22:15,5,C,"6-4,6-4",
618,XD110,XD,10,1,13,670,671,670,1918,17,8/30/2018 16:00,4,C,"3-6,6-4,1-0(3)",
619,XD111,XD,11,1,15,672,673,673,1879,7,,3,C,"6-4,2-6,0-1(6)",
620,XD112,XD,12,1,13,674,675,674,1995,15,8/30/2018 17:00,4,C,"6-4,6-4",
621,XD113,XD,13,1,13,676,677,677,1863,16,8/30/2018 17:00,4,C,"6-4,3-6,0-1(8)",
622,XD114,XD,14,1,15,678,679,678,1858,9,8/31/2018 18:45,3,C,"7-5,4-6,1-0(11)",
623,XD115,XD,15,1,13,680,681,681,2019,12,,2,C,"3-6,2-6",
624,XD116,XD,16,1,15,682,683,683,1962,5,,4,C,"5-7,1-6",
625,XD201,XD,1,2,17,652,654,654,1854,15,9/1/2018 14:30,3,C,"5-7,3-6",
626,XD202,XD,2,2,19,656,659,659,1889,5,,2,C,"4-6,5-7",
627,XD203,XD,3,2,19,660,663,663,1971,5,,4,W,walkover,
628,XD204,XD,4,2,19,664,667,664,1886,4,,2,C,"6-4,7-6(2)",
629,XD205,XD,5,2,19,668,670,670,1884,5,,3,C,"6-4,4-6,0-1(14)",
630,XD206,XD,6,2,17,673,674,673,1864,14,,2,C,"6-2,6-1",
631,XD207,XD,7,2,17,677,678,677,1851,5,9/1/2018 16:15,4,C,"6-3,6-3",
632,XD208,XD,8,2,17,681,683,683,1868,10,9/1/2018 15:00,4,C,"4-6,4-6",
633,XD301,XD,1,3,23,654,659,654,1860,2,9/4/2018 15:45,4,C,"6-3,6-4",
634,XD302,XD,2,3,21,663,664,664,1870,2,,4,C,"6-7(5),7-6(6),0-1(7)",
635,XD303,XD,3,3,23,670,673,673,1852,3,9/4/2018 13:45,2,C,"6-7(5),4-6",
636,XD304,XD,4,3,21,677,683,677,1867,5,9/3/2018 11:00,1,C,"3-6,7-6(7),1-0(9)",
637,XD401,XD,1,4,25,654,664,664,1878,3,9/5/2018 14:45,3,C,"4-6,6-2,0-1(8)",
638,XD402,XD,2,4,25,673,677,673,1971,4,9/5/2018 16:30,4,C,"2-6,6-4,1-0(7)",
639,XD501,XD,1,5,31,664,673,664,1886,1,9/8/2018 12:00,1,C,"2-6,6-3,1-0(9)",
640,JS101,JS,1,1,15,691,692,691,2103,47,,2,C,"7-6(5),6-2",
641,JS102,JS,2,1,17,693,694,693,1899,46,,2,C,"1-6,6-3,6-4",
642,JS103,JS,3,1,15,695,696,695,1978,48,,2,C,"3-6,7-6(3),6-4",
643,JS104,JS,4,1,15,697,698,698,2048,46,,2,C,"5-7,2-6",
644,JS105,JS,5,1,15,699,700,699,2096,51,,2,C,"3-6,7-5,6-3",
645,JS106,JS,6,1,15,701,702,701,2067,50,,2,C,"6-1,7-5",
646,JS107,JS,7,1,15,703,704,703,1953,49,,2,C,"6-4,7-5",
647,JS108,JS,8,1,17,705,706,706,2152,49,9/1/2018 10:00,1,C,"3-6,6-2,3-6",
648,JS109,JS,9,1,15,707,708,707,1953,46,,4,C,"6-1,6-1",
649,JS110,JS,10,1,15,709,710,709,1994,52,,2,C,"6-4,6-7(2),7-5",
650,JS111,JS,11,1,15,711,712,712,2120,53,,2,C,"6-7(5),5-7",
651,JS112,JS,12,1,15,713,714,714,1919,50,,3,C,"6-7(2),4-6",
652,JS113,JS,13,1,17,715,716,716,2182,47,9/1/2018 10:00,1,C,"6-7(9),6-7(4)",
653,JS114,JS,14,1,17,717,718,717,2040,46,9/1/2018 10:00,1,C,"6-3,6-3",
654,JS115,JS,15,1,17,719,720,719,2179,48,9/1/2018 10:00,1,C,"1-6,6-3,6-2",
655,JS116,JS,16,1,17,721,722,722,2011,50,9/1/2018 10:00,1,C,"4-6,3-6",
656,JS201,JS,1,2,19,691,693,691,2002,15,9/2/2018 11:00,1,C,"6-4,6-2",
657,JS202,JS,2,2,17,695,698,695,2086,51,9/1/2018 12:00,2,C,"6-3,6-4",
658,JS203,JS,3,2,17,699,701,699,1899,46,,4,C,"6-3,6-4",
659,JS204,JS,4,2,19,703,706,706,2077,12,9/2/2018 11:00,1,C,"0-6,4-6",
660,JS205,JS,5,2,17,707,709,707,2120,51,9/1/2018 14:30,3,C,"6-1,6-0",
661,JS206,JS,6,2,17,712,714,714,2007,49,9/1/2018 15:05,4,C,"3-6,6-3,3-6",
662,JS207,JS,7,2,19,716,717,717,2073,9,9/2/2018 11:00,1,C,"3-6,2-6",
663,JS208,JS,8,2,19,719,722,722,1953,8,9/2/2018 11:00,1,C,"4-6,5-7",
664,KS101,KS,1,1,15,960,724,960,2159,47,8/31/2018 10:00,1,C,"6-3,6-4",
665,KS102,KS,2,1,15,725,726,725,2073,49,8/31/2018 10:00,1,C,"6-3,4-6,7-5",
666,KS103,KS,3,1,15,727,728,727,2088,48,8/31/2018 10:00,1,C,"6-4,6-4",
667,KS104,KS,4,1,15,729,730,730,1919,50,8/31/2018 10:00,1,C,"2-6,2-6",
668,KS105,KS,5,1,15,731,732,731,2077,51,8/31/2018 10:00,1,C,"6-3,3-6,6-4",
669,KS106,KS,6,1,15,733,734,734,2023,52,8/31/2018 10:00,1,C,"4-6,0-6",
670,KS107,KS,7,1,15,735,736,736,2139,53,8/31/2018 10:00,1,C,"1-6,3-6",
671,KS108,KS,8,1,15,737,961,961,2140,46,8/31/2018 10:00,1,C,"6-7(9),2-6",
672,KS109,KS,9,1,15,739,740,739,2026,46,,3,C,"6-3,6-3",
673,KS110,KS,10,1,15,741,742,741,2159,47,,3,C,"6-3,6-3",
674,KS111,KS,11,1,17,743,744,743,2007,47,,2,C,"7-5,6-2",
675,KS112,KS,12,1,17,745,746,745,2023,50,,2,C,"6-4,6-3",
676,KS113,KS,13,1,17,747,748,747,2110,48,,2,C,"6-0,4-6,6-4",
677,KS114,KS,14,1,15,749,750,749,2139,53,,3,C,"6-1,6-4",
678,KS115,KS,15,1,17,751,752,751,2073,51,9/1/2018 10:00,1,C,"6-2,6-1",
679,KS116,KS,16,1,17,753,754,753,1919,49,,2,C,"6-2,6-1",
680,KS201,KS,1,2,17,960,725,725,2040,46,9/1/2018 12:00,3,C,"5-7,6-7(3)",
681,KS202,KS,2,2,17,727,730,727,2182,47,9/1/2018 12:00,3,C,"6-1,7-5",
682,KS203,KS,3,2,17,731,734,731,2179,48,9/1/2018 12:00,3,C,"6-2,6-4",
683,KS204,KS,4,2,17,736,961,961,2137,49,9/1/2018 12:00,3,C,"2-6,1-6",
684,KS205,KS,5,2,17,739,741,739,2011,50,9/1/2018 12:00,3,C,"7-6(2),6-3",
685,KS206,KS,6,2,19,743,745,743,2182,14,9/2/2018 11:00,1,C,"7-6(7),7-5",
686,KS207,KS,7,2,19,747,749,749,1962,16,9/2/2018 11:00,1,C,"4-6,6-7(7)",
687,KS208,KS,8,2,19,751,753,751,2000,7,9/2/2018 11:00,1,C,"6-4,2-6,6-4",
688,BS101,BS,1,1,19,755,756,755,2182,14,,3,C,"6-2,6-0",
689,BS102,BS,2,1,19,757,758,758,2152,13,,3,C,"4-6,4-6",
690,BS103,BS,3,1,21,759,760,760,2137,15,,2,C,"4-6,4-6",
691,BS104,BS,4,1,21,868,761,868,2103,9,9/3/2018 11:00,1,C,"6-0,7-6(5)",
692,BS105,BS,5,1,21,762,869,869,2069,7,,4,C,"6-7(4),6-4,5-7",
693,BS106,BS,6,1,21,763,764,763,2110,15,,4,C,"6-4,7-6(8)",
694,BS107,BS,7,1,21,870,765,870,1899,16,9/3/2018 11:00,1,C,"6-2,6-0",
695,BS108,BS,8,1,19,867,767,767,1962,16,,3,C,"2-6,4-6",
696,BS109,BS,9,1,21,768,871,768,2103,9,,3,C,"7-6(2),6-2",
697,BS110,BS,10,1,21,769,770,770,2179,10,,3,C,"6-4,5-7,2-6",
698,BS111,BS,11,1,21,953,772,772,1978,12,,3,C,"6-4,2-6,3-6",
699,BS112,BS,12,1,19,773,774,773,2086,5,9/2/2018 16:45,5,C,"7-5,1-6,6-3",
700,BS113,BS,13,1,19,775,776,776,2007,15,,4,C,"1-6,5-7",
701,BS114,BS,14,1,21,777,872,777,2007,8,,3,C,"7-6(2),6-3",
702,BS115,BS,15,1,21,778,779,778,2190,12,,2,C,"7-6(6),7-5",
703,BS116,BS,16,1,19,780,781,781,2110,9,,4,C,"7-6(7),1-6,3-6",
704,BS117,BS,17,1,19,782,783,783,2152,13,9/2/2018 11:00,1,C,"1-6,3-6",
705,BS118,BS,18,1,21,873,955,955,2067,7,,2,C,"6-4,2-6,2-6",
706,BS119,BS,19,1,21,874,785,874,2086,16,,2,R,"6-3,4-3 ret",
707,BS120,BS,20,1,19,786,787,786,1919,10,9/2/2018 11:00,1,C,"7-6(5),2-6,6-2",
708,BS121,BS,21,1,21,958,962,958,2139,14,,3,C,"7-6(4),6-4",
709,BS122,BS,22,1,19,790,791,791,2040,12,,4,C,"7-5,5-7,5-7",
710,BS123,BS,23,1,19,792,793,792,2137,13,,4,C,"6-2,6-3",
711,BS124,BS,24,1,21,794,795,795,1899,5,,3,C,"1-6,3-6",
712,BS125,BS,25,1,21,796,797,797,1942,13,9/3/2018 11:00,1,R,"3-6,2-4 ret",
713,BS126,BS,26,1,19,798,799,798,1942,10,,2,C,"6-4,6-0",
714,BS127,BS,27,1,21,800,875,800,2188,14,,2,C,"6-4,7-5",
715,BS128,BS,28,1,19,801,802,801,2007,15,,2,C,"6-2,6-3",
716,BS129,BS,29,1,21,803,804,804,2152,10,9/3/2018 11:00,1,C,"2-6,4-6",
717,BS130,BS,30,1,19,805,806,805,2086,7,,2,C,"6-3,3-6,6-2",
718,BS131,BS,31,1,21,807,808,807,2073,14,9/3/2018 11:00,1,C,"1-6,6-2,7-6(5)",
719,BS132,BS,32,1,19,809,810,810,2110,9,,2,C,"3-6,5-7",
720,BS201,BS,1,2,23,755,758,755,2002,4,9/4/2018 15:30,2,C,"5-7,6-1,6-0",
721,BS202,BS,2,2,23,760,868,868,2152,12,9/4/2018 11:00,1,C,"3-6,5-7",
722,BS203,BS,3,2,25,869,763,763,2002,10,9/5/2018 11:00,1,C,"4-6,5-7",
723,BS204,BS,4,2,25,870,767,870,2019,13,9/5/2018 11:00,1,C,"6-0,6-1",
724,BS205,BS,5,2,25,768,770,768,1942,10,,2,C,"6-3,6-3",
725,BS206,BS,6,2,25,772,773,772,2152,8,9/5/2018 11:00,1,C,"6-7(2),7-6(0),6-2",
726,BS207,BS,7,2,25,776,777,777,2067,15,9/5/2018 11:00,1,C,"4-6,1-6",
727,BS208,BS,8,2,25,778,781,781,1919,15,,2,C,"4-6,2-6",
728,BS209,BS,9,2,23,783,955,955,2139,14,9/4/2018 11:00,1,C,"1-6,2-6",
729,BS210,BS,10,2,23,874,786,874,2179,9,9/4/2018 11:00,1,C,"6-4,6-4",
730,BS211,BS,11,2,25,958,791,958,2182,4,,3,C,"6-3,6-4",
731,BS212,BS,12,2,25,792,795,795,2086,7,,2,C,"2-6,1-6",
732,BS213,BS,13,2,23,797,798,798,2019,7,9/4/2018 15:30,1,C,"0-6,6-3,3-6",
733,BS214,BS,14,2,23,800,801,801,2069,5,9/4/2018 15:30,2,C,"1-6,7-6(6),4-6",
734,BS215,BS,15,2,23,804,805,804,1942,8,9/4/2018 11:00,1,C,"6-4,7-5",
735,BS216,BS,16,2,23,807,810,807,2188,14,,3,C,"6-4,6-4",
736,BS301,BS,1,3,27,755,868,755,1942,5,,2,C,"6-2,6-3",
737,BS302,BS,2,3,27,763,870,870,2077,7,9/6/2018 15:00,1,C,"4-6,1-6",
738,BS303,BS,3,3,29,768,772,772,1994,7,9/7/2018 12:00,1,C,"6-3,5-7,4-6",
739,BS304,BS,4,3,29,777,781,781,2111,8,9/7/2018 12:00,1,C,"4-6,1-6",
740,BS305,BS,5,3,27,955,874,955,2019,10,,2,C,"7-5,6-2",
741,BS306,BS,6,3,27,958,795,958,2110,4,,2,C,"6-1,6-2",
742,BS307,BS,7,3,27,798,801,798,2086,13,9/6/2018 15:00,1,C,"3-6,6-3,6-0",
743,BS308,BS,8,3,29,804,807,807,2139,9,9/7/2018 12:00,1,C,"6-3,2-6,4-6",
744,BS401,BS,1,4,29,755,870,755,2152,7,,2,C,"7-6(0),6-2",
745,BS402,BS,2,4,29,772,781,781,2086,7,9/7/2018 13:30,3,C,"6-7(3),4-6",
746,BS403,BS,3,4,29,955,958,955,2152,4,,4,C,"6-4,7-5",
747,BS404,BS,4,4,29,798,807,798,1994,9,9/7/2018 14:00,3,C,"6-4,6-0",
748,BS501,BS,1,5,31,755,781,781,2002,4,,2,C,"2-6,4-6",
749,BS502,BS,2,5,31,955,798,798,2152,2,9/8/2018 12:00,1,C,"3-6,3-6",
750,BS601,BS,1,6,33,781,798,781,1971,2,9/9/2018 12:00,1,C,"6-1,2-6,6-2",
751,GS101,GS,1,1,19,949,950,949,2111,14,,2,C,"7-5,6-3",
752,GS102,GS,2,1,19,951,814,814,2188,16,,2,R,"5-7,0-2 ret",
753,GS103,GS,3,1,19,815,816,815,2040,12,,2,C,"6-2,7-6(5)",
754,GS104,GS,4,1,21,817,818,817,2019,12,9/3/2018 11:00,1,C,"7-5,6-4",
755,GS105,GS,5,1,21,819,820,820,1919,10,,2,C,"5-7,6-3,2-6",
756,GS106,GS,6,1,21,821,822,822,2007,8,9/3/2018 11:00,1,C,"2-6,2-6",
757,GS107,GS,7,1,21,823,876,876,1942,13,,3,C,"5-7,0-6",
758,GS108,GS,8,1,21,824,825,825,2111,16,,3,C,"0-6,4-6",
759,GS109,GS,9,1,19,826,827,826,2137,13,,2,C,"6-3,6-3",
760,GS110,GS,10,1,19,828,829,828,2103,8,,2,C,"6-4,4-6,6-4",
761,GS111,GS,11,1,19,830,831,830,2000,7,,3,C,"2-6,6-4,6-3",
762,GS112,GS,12,1,19,832,833,833,1919,10,,3,C,"3-6,4-6",
763,GS113,GS,13,1,21,834,835,834,2073,15,,3,C,"6-3,6-2",
764,GS114,GS,14,1,21,956,957,956,2019,7,,3,C,"7-5,6-4",
765,GS115,GS,15,1,21,878,952,878,1919,10,,4,C,"6-3,6-3",
766,GS116,GS,16,1,21,838,948,948,2083,13,,4,C,"6-3,4-6,3-6",
767,GS117,GS,17,1,19,840,841,840,2077,12,,3,C,"3-6,6-3,6-4",
768,GS118,GS,18,1,19,842,959,842,1953,8,,3,R,"6-7(3),7-5,6-6 ret",
769,GS119,GS,19,1,19,844,845,844,2002,15,,3,C,"7-6(5),2-6,6-4",
770,GS120,GS,20,1,19,846,847,846,2073,9,,3,C,"6-3,6-2",
771,GS121,GS,21,1,21,848,879,879,2110,15,9/3/2018 11:00,1,C,"3-6,4-6",
772,GS122,GS,22,1,19,849,850,849,1971,16,,4,C,"6-4,6-1",
773,GS123,GS,23,1,19,851,852,852,2111,14,,4,C,"1-6,3-6",
774,GS124,GS,24,1,19,853,854,854,1942,10,,4,C,"6-7(5),5-7",
775,GS125,GS,25,1,21,855,880,880,2126,9,,2,C,"3-6,3-6",
776,GS126,GS,26,1,21,856,857,857,2083,13,,2,C,"4-6,6-7(3)",
777,GS127,GS,27,1,21,858,881,881,2069,7,9/3/2018 11:00,1,C,"5-7,2-6",
778,GS128,GS,28,1,21,859,860,860,2002,8,,2,C,"2-6,4-6",
779,GS129,GS,29,1,21,861,862,861,2126,9,,4,C,"7-6(4),6-2",
780,GS130,GS,30,1,21,882,883,882,2152,16,,4,C,"6-2,6-4",
781,GS131,GS,31,1,21,863,864,864,2002,8,,4,C,"3-6,1-6",
782,GS132,GS,32,1,21,865,866,866,2086,5,,4,C,"7-5,5-7,5-7",
783,GS201,GS,1,2,23,949,814,949,2007,4,9/4/2018 11:00,1,C,"6-2,6-2",
784,GS202,GS,2,2,23,815,817,817,1978,7,,2,C,"6-7(1),4-6",
785,GS203,GS,3,2,25,820,822,820,2077,5,,2,C,"6-3,7-6(1)",
786,GS204,GS,4,2,25,876,825,876,2188,13,,2,C,"1-6,6-2,7-5",
787,GS205,GS,5,2,23,826,828,826,2073,5,9/4/2018 11:00,1,C,"6-3,6-3",
788,GS206,GS,6,2,23,830,833,833,1971,3,9/4/2018 11:00,1,C,"5-7,0-6",
789,GS207,GS,7,2,25,834,956,834,1899,14,,2,C,"4-6,6-4,6-2",
790,GS208,GS,8,2,25,878,948,948,1962,4,9/5/2018 11:00,1,C,"3-6,4-6",
791,GS209,GS,9,2,23,840,842,840,1919,15,9/4/2018 15:30,2,C,"6-2,6-2",
792,GS210,GS,10,2,23,844,846,844,2111,9,9/4/2018 15:30,2,C,"7-5,6-2",
793,GS211,GS,11,2,23,879,849,849,1899,15,9/4/2018 11:00,1,C,"0-6,4-6",
794,GS212,GS,12,2,23,852,854,854,2000,13,9/4/2018 11:00,1,C,"4-6,2-6",
795,GS213,GS,13,2,25,880,857,857,2179,14,9/5/2018 11:00,1,C,"4-6,3-6",
796,GS214,GS,14,2,25,881,860,860,2007,5,9/5/2018 11:00,1,C,"6-4,3-6,2-6",
797,GS215,GS,15,2,25,861,882,861,1994,9,9/5/2018 11:00,1,C,"6-4,3-6,7-5",
798,GS216,GS,16,2,25,864,866,864,2111,7,9/5/2018 11:00,1,C,"6-0,6-1",
799,GS301,GS,1,3,27,949,817,949,2073,4,9/6/2018 15:00,1,C,"6-3,6-0",
800,GS302,GS,2,3,27,820,876,876,2182,8,9/6/2018 15:00,1,C,"5-7,4-6",
801,GS303,GS,3,3,29,826,833,826,2000,13,9/7/2018 12:00,1,C,"6-1,6-1",
802,GS304,GS,4,3,27,834,948,834,2120,9,9/6/2018 15:00,1,C,"7-5,6-4",
803,GS305,GS,5,3,29,840,844,840,2137,14,9/7/2018 12:00,1,C,"6-2,7-6(4)",
804,GS306,GS,6,3,27,849,854,854,1953,10,9/6/2018 15:00,1,C,"6-3,2-6,4-6",
805,GS307,GS,7,3,27,857,860,860,2067,14,9/6/2018 15:00,1,C,"4-6,6-2,1-6",
806,GS308,GS,8,3,27,861,864,864,1971,5,9/6/2018 15:00,1,C,"6-7(6),1-6",
807,GS401,GS,1,4,29,949,876,876,2110,4,,2,C,"4-6,6-3,2-6",
808,GS402,GS,2,4,29,826,834,826,2137,13,9/7/2018 13:30,3,C,"7-6(5),6-2",
809,GS403,GS,3,4,29,840,854,854,2000,14,9/7/2018 13:45,3,C,"6-3,3-6,2-6",
810,GS404,GS,4,4,29,860,864,860,2086,4,9/7/2018 12:00,1,C,"6-2,6-0",
811,GS501,GS,1,5,31,876,826,826,1978,55,9/8/2018 18:30,1,C,"1-6,7-5,3-6",
812,GS502,GS,2,5,31,854,860,860,2077,5,,2,C,"5-7,6-1,6-7(3)",
813,GS601,GS,1,6,33,826,860,826,1942,2,,2,C,"7-6(4),6-2",
814,GD101,GD,1,1,23,884,885,884,1971,4,,3,C,"6-1,6-3",
815,GD102,GD,2,1,21,886,887,887,2179,10,9/3/2018 19:30,5,C,"4-6,4-6",
816,GD103,GD,3,1,21,888,889,888,1978,16,9/3/2018 18:15,6,C,"0-6,6-3,10-5",
817,GD104,GD,4,1,23,966,891,891,1994,15,9/4/2018 17:45,4,C,"5-7,7-5,6-10",
818,GD105,GD,5,1,23,892,893,892,2019,13,,3,C,"6-1,6-4",
819,GD106,GD,6,1,23,894,895,894,2000,7,,3,C,"6-7(4),6-1,10-8",
820,GD107,GD,7,1,23,896,897,897,2067,13,9/4/2018 15:30,2,C,"3-6,6-7(6)",
821,GD108,GD,8,1,23,898,899,899,2120,10,,3,C,"5-7,0-6",
822,GD109,GD,9,1,23,900,965,900,1962,12,9/4/2018 15:30,2,C,"6-1,6-3",
823,GD110,GD,10,1,21,902,903,903,2139,14,,5,C,"4-6,7-6(2),8-10",
824,GD111,GD,11,1,23,904,905,904,2069,7,9/4/2018 19:30,4,C,"6-3,7-6(8)",
825,GD112,GD,12,1,23,906,907,907,2103,8,9/4/2018 15:30,2,C,"3-6,6-3,6-10",
826,GD113,GD,13,1,23,908,909,908,2007,5,,3,C,"3-6,6-3,11-9",
827,GD114,GD,14,1,23,910,911,910,2139,15,,3,C,"6-3,6-1",
828,GD115,GD,15,1,21,954,913,913,2137,15,9/3/2018 17:45,5,C,"0-6,1-6",
829,GD116,GD,16,1,23,914,915,914,2179,8,,3,C,"6-2,5-7,10-2",
830,GD201,GD,1,2,25,884,887,884,2067,15,9/5/2018 14:15,3,C,"6-2,6-4",
831,GD202,GD,2,2,25,888,891,891,2002,10,,3,C,"6-1,2-6,5-10",
832,GD203,GD,3,2,25,892,894,894,2137,15,9/5/2018 16:15,4,C,"4-6,4-6",
833,GD204,GD,4,2,25,897,899,899,2007,5,,3,C,"3-6,2-6",
834,GD205,GD,5,2,25,900,903,903,2188,5,9/5/2018 16:30,4,C,"5-7,5-7",
835,GD206,GD,6,2,25,904,907,907,1942,14,9/5/2018 16:30,4,C,"2-6,4-6",
836,GD207,GD,7,2,25,908,910,910,2073,9,9/5/2018 15:45,4,C,"3-6,6-2,13-15",
837,GD208,GD,8,2,25,913,914,913,2019,8,,3,C,"6-4,7-6(6)",
838,GD301,GD,1,3,29,884,891,884,2137,15,9/7/2018 18:00,5,C,"6-3,6-2",
839,GD302,GD,2,3,29,894,899,899,2139,15,,3,C,"2-6,2-6",
840,GD303,GD,3,3,29,903,907,903,2077,9,9/7/2018 16:30,4,C,"6-1,6-3",
841,GD304,GD,4,3,29,910,913,913,1971,2,,3,C,"3-6,5-7",
842,GD401,GD,1,4,31,884,899,884,2002,54,9/8/2018 18:30,1,C,"6-2,6-2",
843,GD402,GD,2,4,31,903,913,913,2139,5,,3,C,"4-6,3-6",
844,GD501,GD,1,5,33,884,913,884,1919,54,9/9/2018 13:30,1,C,"6-3,6-2",
845,BD101,BD,1,1,21,916,917,917,2188,14,,4,C,"2-6,6-3,6-10",
846,BD102,BD,2,1,23,918,964,964,2111,5,9/4/2018 19:00,4,C,"3-6,5-7",
847,BD103,BD,3,1,23,920,921,921,1899,14,,4,C,"3-6,6-3,4-10",
848,BD104,BD,4,1,21,922,923,922,2190,12,,4,C,"6-3,7-6(5)",
849,BD105,BD,5,1,23,924,925,925,1994,14,9/4/2018 15:30,2,C,"6-2,5-7,7-10",
850,BD106,BD,6,1,23,926,927,926,2137,10,9/4/2018 15:30,2,C,"7-6(3),1-6,10-5",
851,BD107,BD,7,1,23,928,929,929,2073,12,9/4/2018 18:20,4,C,"2-6,6-7(5)",
852,BD108,BD,8,1,23,967,931,931,2152,12,,3,C,"6-3,0-6,5-10",
853,BD109,BD,9,1,23,932,933,932,2120,10,9/4/2018 11:00,1,C,"7-6(5),6-3",
854,BD110,BD,10,1,23,934,935,934,1942,9,,3,C,"7-6(5),6-4",
855,BD111,BD,11,1,21,936,937,937,2067,8,9/3/2018 17:45,5,C,"1-6,4-6",
856,BD112,BD,12,1,23,963,939,939,2002,4,,4,C,"4-6,2-6",
857,BD113,BD,13,1,21,940,941,941,2111,16,,5,C,"4-6,5-7",
858,BD114,BD,14,1,23,942,943,943,1919,14,9/4/2018 19:00,5,C,"3-6,6-3,9-11",
859,BD115,BD,15,1,23,944,945,945,2067,13,9/4/2018 18:50,4,C,"3-6,4-6",
860,BD116,BD,16,1,23,946,947,946,2103,8,9/4/2018 19:00,4,C,"6-3,7-6(6)",
861,BD201,BD,1,2,25,917,964,964,1994,9,9/5/2018 15:00,3,C,"7-5,2-6,3-10",
862,BD202,BD,2,2,25,921,922,922,2110,13,9/5/2018 15:45,3,C,"6-7(4),6-4,4-10",
863,BD203,BD,3,2,25,925,926,926,2179,14,,3,C,"6-7(5),3-6",
864,BD204,BD,4,2,25,929,931,931,2137,9,,2,C,"6-3,6-7(4),5-10",
865,BD205,BD,5,2,25,932,934,934,2152,10,,4,C,"6-3,3-6,4-10",
866,BD206,BD,6,2,25,937,939,937,2086,7,9/5/2018 14:45,4,C,"6-3,7-5",
867,BD207,BD,7,2,25,941,943,941,1978,8,,2,C,"6-4,7-5",
868,BD208,BD,8,2,25,945,946,946,2111,7,,3,C,"4-6,5-7",
869,BD301,BD,1,3,29,964,922,922,1942,7,9/7/2018 17:00,5,C,"4-6,3-6",
870,BD302,BD,2,3,29,926,931,926,2111,8,,3,C,"6-0,6-4",
871,BD303,BD,3,3,29,934,937,937,1942,5,,3,C,"7-6(3),1-6,4-10",
872,BD304,BD,4,3,29,941,946,946,2002,4,,3,C,"3-6,6-3,4-10",
873,BD401,BD,1,4,31,922,926,926,2111,9,9/8/2018 15:00,3,C,"6-4,5-7,6-10",
874,BD402,BD,2,4,31,937,946,946,2073,9,,2,C,"6-3,4-6,10-12",
875,BD501,BD,1,5,33,926,946,926,2002,55,9/9/2018 12:00,1,C,"6-4,2-6,10-8",
876,CS101,CS,1,1,29,968,969,968,1971,2,9/7/2018 12:00,1,C,"0-6,6-1,6-3",
877,CS102,CS,2,1,29,970,971,971,1953,5,,2,C,"2-6,2-6",
878,CS103,CS,3,1,29,972,973,973,1852,15,,2,C,"1-6,4-6",
879,CS104,CS,4,1,29,974,975,975,2179,14,,2,C,"5-7,4-6",
880,CS201,CS,1,2,31,968,971,968,1971,2,,2,C,"2-6,6-4,7-5",
881,CS202,CS,2,2,31,973,975,975,1994,14,,2,C,"6-7(2),1-6",
882,CS301,CS,1,3,33,968,975,975,2077,2,,4,C,"3-6,5-7",
883,CD101,CD,1,1,29,976,977,976,2073,5,9/7/2018 16:00,4,C,"6-1,7-6(5)",
884,CD102,CD,2,1,29,978,979,979,2120,15,9/7/2018 16:30,4,C,"5-7,6-4,0-1(6)",
885,CD201,CD,1,2,31,976,979,979,2137,1,,3,C,"7-5,3-6,0-1(9)",
886,DS101,DS,1,1,29,980,981,980,2077,13,,2,C,"6-1,6-2",
887,DS102,DS,2,1,29,982,983,983,2073,8,,2,C,"1-6,2-6",
888,DS103,DS,3,1,29,984,985,984,2120,9,,2,C,"6-4,6-4",
889,DS104,DS,4,1,29,986,987,987,2019,2,,2,C,"0-6,0-6",
890,DS201,DS,1,2,31,980,983,980,2120,14,9/8/2018 12:00,1,C,"6-0,6-3",
891,DS202,DS,2,2,31,984,987,987,1919,4,9/8/2018 12:00,1,C,"1-6,0-6",
892,DS301,DS,1,3,33,980,987,980,1953,2,,3,C,"6-2,6-3",
893,DD101,DD,1,1,29,988,989,988,1953,13,9/7/2018 17:00,4,C,"6-0,6-0",
894,DD102,DD,2,1,29,990,991,991,2019,2,9/7/2018 17:00,4,C,"1-6,1-6",
895,DD201,DD,1,2,31,988,991,988,2110,2,,3,C,"6-3,6-4",
896,UD101,UD,1,1,31,992,993,992,2073,2,9/8/2018 16:30,4,C,"3-6,6-0,1-0(4)",
897,US101,US,1,1,29,994,995,995,2110,14,9/7/2018 16:00,4,C,"3-6,5-7",
898,US102,US,2,1,29,996,997,996,2179,7,9/7/2018 16:00,4,C,"6-1,6-4",
899,US201,US,1,2,29,994,996,994,2002,15,9/7/2018 12:00,1,C,"6-2,6-4",
900,US202,US,2,2,29,995,997,995,1942,5,9/7/2018 12:00,1,C,"6-3,6-1",
901,US301,US,1,3,31,994,997,994,2137,9,9/8/2018 12:00,1,C,"6-0,6-1",
902,US302,US,2,3,31,995,996,995,2179,5,9/8/2018 12:00,1,C,"6-0,3-6,6-0",
903,US401,US,1,4,33,994,995,995,2086,54,9/9/2018 15:00,2,C,"5-7,2-6",
